anon_polygon_id,date,primary_ndvi_true
AOI-0005,2010-05-02,0.22384087137516084
AOI-0005,2010-07-28,0.30109408111075164
AOI-0005,2010-08-05,0.25918356654192554
AOI-0005,2010-08-29,0.25787357381292886
AOI-0005,2010-08-30,0.21832792033886395
AOI-0005,2010-09-06,0.2313045202328029
AOI-0005,2011-04-02,0.2098637558445351
AOI-0005,2011-06-06,0.76961329058043
AOI-0005,2011-06-26,0.5044221997480304
AOI-0005,2011-09-02,0.3894040856646158
AOI-0005,2012-04-04,0.13117687102789255
AOI-0005,2012-04-29,0.5552790922602844
AOI-0005,2012-05-06,0.5661147243661764
AOI-0005,2012-05-31,0.7926526996765206
AOI-0005,2012-08-10,0.1824885642863367
AOI-0005,2012-08-12,0.3338179536638016
AOI-0005,2013-06-26,0.32691246923243356
AOI-0005,2013-07-12,0.268342017990296
AOI-0005,2013-08-21,0.4542363133193244
AOI-0005,2013-08-29,0.444443211525115
AOI-0005,2014-04-18,0.40870689768136464
AOI-0005,2014-04-27,0.5808897267995708
AOI-0005,2014-05-04,0.7018716868683498
AOI-0005,2014-05-09,0.7996119582094091
AOI-0005,2014-06-10,0.6350300561546467
AOI-0005,2014-07-28,0.4646404564509954
AOI-0005,2014-10-03,0.22864755039816445
AOI-0005,2015-05-23,0.7213524937973225
AOI-0005,2015-06-10,0.7755269456819724
AOI-0005,2015-10-06,0.18053050280394012
AOI-0005,2016-04-22,0.6853541815754288
AOI-0005,2016-05-08,0.7871538608846742
AOI-0005,2016-09-13,0.352914016316375
AOI-0005,2017-04-11,0.15710906441812064
AOI-0005,2017-04-23,0.5206672440851992
AOI-0005,2017-04-26,0.38423777992335684
AOI-0005,2017-07-23,0.5314345628403527
AOI-0005,2017-09-25,0.49768949938597484
AOI-0005,2017-10-04,0.47279220959016066
AOI-0005,2018-05-01,0.6226311464595676
AOI-0005,2018-05-16,0.690272101747073
AOI-0005,2018-06-01,0.6670033313553597
AOI-0005,2018-07-10,0.3777458309433681
AOI-0005,2018-08-27,0.3837142681976755
AOI-0005,2018-09-30,0.3697022270644522
AOI-0005,2019-04-26,0.6653025327776609
AOI-0005,2019-05-11,0.6860016933285435
AOI-0005,2019-05-18,0.8057065970868182
AOI-0005,2019-05-21,0.7625901332067742
AOI-0005,2019-06-11,0.7073511331636573
AOI-0005,2019-06-25,0.5452788056492228
AOI-0005,2019-07-12,0.4642536818985419
AOI-0005,2019-08-23,0.35210292831280265
AOI-0005,2019-08-24,0.32545995874857975
AOI-0005,2019-09-03,0.36564678538089407
AOI-0005,2019-09-07,0.40160282266154834
AOI-0005,2019-09-08,0.3716002545094391
AOI-0005,2019-09-15,0.3117516065039515
AOI-0005,2020-04-22,0.3869709427940302
AOI-0005,2020-05-08,0.7274524350296312
AOI-0005,2020-08-16,0.5017444097951479
AOI-0005,2020-08-23,0.42147668806019223
AOI-0005,2020-08-24,0.4575624125832143
AOI-0005,2020-09-02,0.37947799177555874
AOI-0005,2020-09-17,0.31029812329310036
AOI-0005,2020-09-29,0.310296368421088
AOI-0005,2021-04-21,0.5047910579572136
AOI-0005,2021-07-12,0.5019765245040044
AOI-0005,2021-08-29,0.4289556688528844
AOI-0005,2021-09-04,0.31678356392027474
AOI-0005,2021-09-30,0.40433233497673626
AOI-0005,2021-10-14,0.33091736950516837
AOI-0005,2022-05-09,0.8126055487096402
AOI-0005,2022-05-30,0.8358911636181436
AOI-0005,2022-07-19,0.4772519323758677
AOI-0005,2022-07-21,0.446609045395172
AOI-0005,2022-07-28,0.5050618376462936
AOI-0005,2022-08-03,0.44200077849402525
AOI-0005,2022-08-14,0.5219780566738714
AOI-0005,2022-08-28,0.37954723296872356
AOI-0005,2022-10-01,0.4126157341815404
AOI-0005,2023-07-14,0.5147038432013971
AOI-0005,2023-07-29,0.5263711247894864
AOI-0005,2023-08-08,0.5140671363433794
AOI-0005,2023-08-29,0.43532899805858855
AOI-0005,2023-09-12,0.38817431869083935
AOI-0005,2023-09-14,0.364798324017961
AOI-0005,2023-09-26,0.36900157208985285
AOI-0005,2023-10-17,0.201421577054396
AOI-0005,2024-05-31,0.7316224942610168
AOI-0005,2024-06-03,0.7161301910519127
AOI-0005,2024-07-28,0.41475827829429174
AOI-0005,2024-08-22,0.30566605677169406
AOI-0005,2024-08-28,0.36309061223676603
AOI-0005,2024-09-16,0.31103647737736373
AOI-0006,2010-04-15,0.3757175365677281
AOI-0006,2010-05-09,0.7939227756436542
AOI-0006,2010-07-13,0.2844874618855989
AOI-0006,2010-07-28,0.27170409975349785
AOI-0006,2010-07-29,0.22076683210183004
AOI-0006,2010-08-05,0.20733877967720274
AOI-0006,2011-04-02,0.11633606969933641
AOI-0006,2011-04-19,0.1668559753028803
AOI-0006,2011-05-21,0.2300817300037322
AOI-0006,2011-07-16,0.7060920942151927
AOI-0006,2011-08-08,0.4834165534841572
AOI-0006,2011-08-09,0.4436612727827479
AOI-0006,2011-10-16,0.3234763821753701
AOI-0006,2012-04-22,0.7858310107241326
AOI-0006,2012-06-09,0.5185579404315155
AOI-0006,2012-10-15,0.2787388236757396
AOI-0006,2013-07-21,0.7426350337627863
AOI-0006,2013-08-21,0.3242543983538235
AOI-0006,2013-10-24,0.22950994234976424
AOI-0006,2014-04-07,0.6874700974219599
AOI-0006,2014-06-13,0.42031582648305865
AOI-0006,2014-06-26,0.33052865130019043
AOI-0006,2014-07-31,0.18368718523197097
AOI-0006,2014-08-29,0.2190762890605427
AOI-0006,2015-06-09,0.8719592684845836
AOI-0006,2015-07-26,0.2944799910586542
AOI-0006,2015-08-03,0.2656593912037766
AOI-0006,2015-08-11,0.2939083477698704
AOI-0006,2015-08-12,0.2386749591155016
AOI-0006,2015-10-16,0.2194446455120843
AOI-0006,2016-04-22,0.518016830399957
AOI-0006,2016-04-23,0.37552059890090583
AOI-0006,2016-05-08,0.4685999032351672
AOI-0006,2017-04-23,0.3585214543590671
AOI-0006,2017-05-09,0.43765117406910237
AOI-0006,2017-07-25,0.7436390612794856
AOI-0006,2017-09-01,0.28389699370361215
AOI-0006,2017-09-14,0.3170834623254608
AOI-0006,2017-10-04,0.18294079476201144
AOI-0006,2018-06-08,0.40162512305587206
AOI-0006,2018-08-13,0.4533692906257004
AOI-0006,2018-09-20,0.2761617725523347
AOI-0006,2018-10-16,0.29494444825696
AOI-0006,2019-04-21,0.6956425725292934
AOI-0006,2019-04-23,0.8122531722264442
AOI-0006,2019-05-21,0.845406350489259
AOI-0006,2019-06-27,0.23569046937774135
AOI-0006,2019-08-22,0.2031713050796273
AOI-0006,2019-09-03,0.15320638575634404
AOI-0006,2020-04-06,0.2956288958332376
AOI-0006,2020-04-30,0.1700368683887005
AOI-0006,2020-05-20,0.27915290604575327
AOI-0006,2020-06-05,0.6070376233835062
AOI-0006,2020-08-03,0.45963897321887537
AOI-0006,2020-09-01,0.37035561029531394
AOI-0006,2021-04-06,0.21523649231562614
AOI-0006,2021-05-20,0.8673511296438043
AOI-0006,2021-06-16,0.8225803597105315
AOI-0006,2021-08-29,0.2722230767527942
AOI-0006,2021-10-02,0.18296433255992528
AOI-0006,2022-04-24,0.8087915660099729
AOI-0006,2022-06-10,0.7458490323402557
AOI-0006,2022-08-23,0.14810678627160995
AOI-0006,2022-09-17,0.14997727844988712
AOI-0006,2022-09-30,0.2903111562133386
AOI-0006,2022-10-02,0.15586775041126066
AOI-0006,2022-10-12,0.1745893640748964
AOI-0006,2023-04-10,0.22983713818758061
AOI-0006,2023-04-23,0.5194029601404891
AOI-0006,2023-05-06,0.32573928292478027
AOI-0006,2023-05-13,0.31053432202203973
AOI-0006,2023-06-10,0.6613343772910345
AOI-0006,2023-06-15,0.5603145878167528
AOI-0006,2023-07-16,0.8133110159876511
AOI-0006,2023-08-28,0.5700686932804673
AOI-0006,2023-09-02,0.4173886651511012
AOI-0006,2023-09-14,0.37347946530946785
AOI-0006,2023-09-18,0.40715572485972157
AOI-0006,2023-09-26,0.30257734555453125
AOI-0006,2023-10-02,0.20255720433844954
AOI-0006,2023-10-16,0.2492984335423255
AOI-0006,2023-10-17,0.1462780556329053
AOI-0006,2024-06-03,0.7230456427422193
AOI-0006,2024-06-24,0.36099164079744706
AOI-0006,2024-07-03,0.2124813173425743
AOI-0006,2024-07-13,0.18971767280045987
AOI-0006,2024-09-28,0.16205112912419425
AOI-0006,2024-10-06,0.1392467312947378
AOI-0006,2024-10-26,0.16067569167232026
AOI-0009,2010-04-07,0.459384439767094
AOI-0009,2010-05-18,0.6827611253382846
AOI-0009,2010-06-10,0.4368783565573857
AOI-0009,2010-09-14,0.273475956512518
AOI-0009,2010-09-30,0.27415369450100735
AOI-0009,2011-05-25,0.5678449766861461
AOI-0009,2011-07-12,0.6759249575913847
AOI-0009,2011-07-28,0.580788715961384
AOI-0009,2011-08-17,0.3349750698011891
AOI-0009,2011-09-10,0.2750471737222262
AOI-0009,2012-04-29,0.5482145587143191
AOI-0009,2012-05-08,0.7452897513190333
AOI-0009,2012-08-12,0.3205691657406574
AOI-0009,2012-08-28,0.3647936836502196
AOI-0009,2012-09-29,0.3205401524919619
AOI-0009,2012-10-06,0.2024057160342401
AOI-0009,2013-04-07,0.3123572875444016
AOI-0009,2013-07-21,0.5415880374497559
AOI-0009,2013-08-13,0.35702873015962683
AOI-0009,2013-09-14,0.3151441962335695
AOI-0009,2014-04-07,0.605210948519253
AOI-0009,2014-04-27,0.7665531105059422
AOI-0009,2014-05-29,0.8524247169715689
AOI-0009,2014-06-10,0.46368052184199765
AOI-0009,2014-06-22,0.42402972973915876
AOI-0009,2014-08-01,0.19623785127311666
AOI-0009,2014-08-09,0.15329403243570505
AOI-0009,2014-08-17,0.1776703545123277
AOI-0009,2014-08-29,0.26099224775005403
AOI-0009,2015-04-14,0.3951888965199286
AOI-0009,2015-05-24,0.7958022372018376
AOI-0009,2015-06-26,0.3508998251555071
AOI-0009,2015-10-07,0.20006427958882375
AOI-0009,2016-05-02,0.5816024358987216
AOI-0009,2016-06-25,0.4709003952121666
AOI-0009,2016-07-05,0.39884467342103747
AOI-0009,2016-07-13,0.4168453560493215
AOI-0009,2016-10-25,0.25160551673205844
AOI-0009,2017-04-01,0.1660641869203213
AOI-0009,2017-04-23,0.6731957643101816
AOI-0009,2017-05-21,0.8183872716455416
AOI-0009,2017-07-12,0.32986127642126295
AOI-0009,2017-07-24,0.22431389425763448
AOI-0009,2017-08-09,0.15579197254610233
AOI-0009,2017-08-11,0.14820050594195433
AOI-0009,2017-08-14,0.16331777344562703
AOI-0009,2017-08-29,0.20733116655468237
AOI-0009,2017-09-05,0.1437845609277482
AOI-0009,2017-09-13,0.16425139922267196
AOI-0009,2017-09-15,0.15330483962065866
AOI-0009,2018-04-14,0.39591668374682026
AOI-0009,2018-04-23,0.688918680434804
AOI-0009,2018-07-12,0.2869608577637236
AOI-0009,2018-09-29,0.16965467320348165
AOI-0009,2018-09-30,0.24946659801297066
AOI-0009,2018-10-13,0.1820939363898635
AOI-0009,2019-04-01,0.1967385029035872
AOI-0009,2019-04-25,0.2871943399951651
AOI-0009,2019-05-09,0.6052336847928176
AOI-0009,2019-05-18,0.48894043714033614
AOI-0009,2019-05-28,0.7109246703762054
AOI-0009,2019-06-28,0.26060066286157474
AOI-0009,2019-08-07,0.2998381946380859
AOI-0009,2019-08-21,0.1802533632309718
AOI-0009,2019-08-26,0.16206696476567178
AOI-0009,2019-08-31,0.16758531223149145
AOI-0009,2019-10-15,0.2081261789084094
AOI-0009,2020-05-13,0.748510634528726
AOI-0009,2020-05-15,0.6503966486464692
AOI-0009,2020-05-24,0.8008513646987246
AOI-0009,2020-05-27,0.7065202500416985
AOI-0009,2020-05-29,0.749158469110526
AOI-0009,2020-06-06,0.6516519633978032
AOI-0009,2020-06-11,0.5862578547243233
AOI-0009,2020-06-29,0.19685473803991316
AOI-0009,2020-07-06,0.16595617560339393
AOI-0009,2020-07-24,0.14611664381009337
AOI-0009,2020-07-27,0.25244008604220747
AOI-0009,2020-08-03,0.15136455324144
AOI-0009,2020-08-12,0.27305678128595323
AOI-0009,2020-08-15,0.14636091504585208
AOI-0009,2020-08-17,0.20422157395532245
AOI-0009,2020-08-28,0.25379104456368123
AOI-0009,2020-09-02,0.16382340151001534
AOI-0009,2020-09-29,0.22479302989632285
AOI-0009,2020-10-07,0.1486062766794528
AOI-0009,2020-10-15,0.2481480441685346
AOI-0009,2021-04-06,0.3332559417283064
AOI-0009,2021-04-30,0.6820305386504067
AOI-0009,2021-05-15,0.8002841946376746
AOI-0009,2021-05-16,0.8423245223008242
AOI-0009,2021-07-14,0.17879656628425816
AOI-0009,2021-07-21,0.1594401376061294
AOI-0009,2021-07-26,0.17646148871385225
AOI-0009,2021-07-29,0.16440623179486175
AOI-0009,2021-08-20,0.19030309013062335
AOI-0009,2021-09-27,0.26319979517380665
AOI-0009,2021-10-02,0.323272786637435
AOI-0009,2021-10-12,0.27142769661028204
AOI-0009,2021-10-15,0.31291630630114653
AOI-0009,2022-04-02,0.4960459363313082
AOI-0009,2022-06-06,0.8083781680223256
AOI-0009,2022-06-08,0.8241737045524529
AOI-0009,2022-06-11,0.822430756837152
AOI-0009,2022-07-12,0.25364498580035744
AOI-0009,2022-07-14,0.16323896400159896
AOI-0009,2022-08-23,0.17590256382971295
AOI-0009,2022-09-30,0.27881624858333365
AOI-0009,2022-10-02,0.16544944081051344
AOI-0009,2022-10-19,0.17594698246872903
AOI-0009,2022-10-22,0.16800815462549684
AOI-0009,2023-05-17,0.8455143620996384
AOI-0009,2023-05-25,0.7928793113329526
AOI-0009,2023-06-19,0.6637290941859859
AOI-0009,2023-06-26,0.4182570592777006
AOI-0009,2023-07-25,0.34215417240659496
AOI-0009,2023-08-13,0.26154969102121184
AOI-0009,2023-08-26,0.29574935575864936
AOI-0009,2023-08-28,0.24939669720987306
AOI-0009,2023-08-29,0.31796458030466346
AOI-0009,2023-09-14,0.2427660762765613
AOI-0009,2023-10-02,0.2021125056984929
AOI-0009,2023-10-12,0.2349800012036163
AOI-0009,2024-05-08,0.4585101833247891
AOI-0009,2024-06-18,0.6703147512164954
AOI-0009,2024-06-23,0.6901068280806565
AOI-0009,2024-06-28,0.7067055436103546
AOI-0009,2024-07-08,0.6129886515159129
AOI-0009,2024-08-04,0.5151393991549784
AOI-0009,2024-08-09,0.5306773562891653
AOI-0009,2024-08-20,0.4694061674928641
AOI-0009,2024-08-27,0.32743595529535413
AOI-0009,2024-09-03,0.24813431411672252
AOI-0009,2024-09-06,0.2601492288980034
AOI-0009,2024-09-08,0.2475309436983128
AOI-0009,2024-09-13,0.25232306546673805
AOI-0009,2024-10-08,0.1781651736473095
AOI-0012,2010-07-13,0.25095548873714635
AOI-0012,2010-08-22,0.22957977636785015
AOI-0012,2010-10-25,0.2848955162391761
AOI-0012,2011-05-21,0.7341282880811597
AOI-0012,2011-07-12,0.37976915236511466
AOI-0012,2011-08-13,0.35538898998188695
AOI-0012,2011-09-02,0.2560369944884071
AOI-0012,2012-04-22,0.3977708697264123
AOI-0012,2012-06-09,0.35586253270846524
AOI-0012,2012-06-25,0.37207955959811784
AOI-0012,2012-08-03,0.2510921820976057
AOI-0012,2012-08-28,0.3080701894988961
AOI-0012,2012-09-13,0.2921785443261979
AOI-0012,2012-10-06,0.24058585074674899
AOI-0012,2013-05-09,0.7376024402804299
AOI-0012,2013-06-10,0.4155205076679369
AOI-0012,2013-07-13,0.31348595337015145
AOI-0012,2013-07-29,0.30757943614587147
AOI-0012,2013-10-09,0.27621800493970866
AOI-0012,2013-10-25,0.3492902122251712
AOI-0012,2014-06-06,0.5949359958831287
AOI-0012,2014-06-22,0.2739893166937787
AOI-0012,2014-06-26,0.2561907042313642
AOI-0012,2014-06-30,0.2546085309111128
AOI-0012,2014-08-13,0.2739313418683149
AOI-0012,2014-09-14,0.27315874518425487
AOI-0012,2014-10-16,0.27646018809765904
AOI-0012,2014-10-28,0.1868538719610979
AOI-0012,2015-05-25,0.4074411879464772
AOI-0012,2015-06-09,0.34133613388387907
AOI-0012,2015-08-12,0.2070325567185217
AOI-0012,2015-08-13,0.2710892372820083
AOI-0012,2015-08-20,0.2388489668744891
AOI-0012,2015-09-14,0.2970509206196198
AOI-0012,2016-08-06,0.2996463151428776
AOI-0012,2017-04-03,0.31417317005784906
AOI-0012,2017-04-07,0.4837845641261582
AOI-0012,2017-05-06,0.682932295010159
AOI-0012,2017-07-24,0.23450762879908585
AOI-0012,2017-08-01,0.15437180493905583
AOI-0012,2017-08-04,0.1811790388302228
AOI-0012,2017-08-13,0.288792212966392
AOI-0012,2017-08-14,0.1714949672712734
AOI-0012,2017-08-17,0.1801252499777375
AOI-0012,2017-09-05,0.191445594594859
AOI-0012,2017-09-08,0.2147416380115925
AOI-0012,2017-09-30,0.2574558559761307
AOI-0012,2017-10-04,0.2114547241060598
AOI-0012,2018-04-11,0.6181026341394782
AOI-0012,2018-05-24,0.8218383801717053
AOI-0012,2018-05-25,0.7371312631389726
AOI-0012,2018-06-09,0.6076409487521286
AOI-0012,2018-09-13,0.16428507540669665
AOI-0012,2018-09-30,0.2691393388906551
AOI-0012,2019-04-01,0.44368215081140616
AOI-0012,2019-06-07,0.5920351025996161
AOI-0012,2019-06-17,0.23966311359072526
AOI-0012,2019-06-28,0.23565545271416383
AOI-0012,2019-07-22,0.15069989586442462
AOI-0012,2019-08-13,0.36767326245011334
AOI-0012,2019-09-13,0.18912366072625497
AOI-0012,2020-04-02,0.509190097939714
AOI-0012,2020-04-25,0.7326723896791747
AOI-0012,2020-05-15,0.6721007493256136
AOI-0012,2020-06-09,0.4726146134152597
AOI-0012,2020-06-26,0.20617341434029018
AOI-0012,2020-07-24,0.1733270935458692
AOI-0012,2020-08-03,0.1753199211705087
AOI-0012,2020-08-05,0.1853683926471227
AOI-0012,2020-08-12,0.3005593342247368
AOI-0012,2020-09-09,0.17644901577790115
AOI-0012,2020-09-12,0.1578048080662907
AOI-0012,2020-09-22,0.1717372150121779
AOI-0012,2020-09-26,0.15637057741782895
AOI-0012,2020-10-17,0.166650938793043
AOI-0012,2021-05-08,0.34865081652834373
AOI-0012,2021-05-25,0.44601934505648555
AOI-0012,2021-06-06,0.23766076890419124
AOI-0012,2021-06-26,0.2402900981240697
AOI-0012,2021-07-16,0.16049035129335776
AOI-0012,2021-07-21,0.16837066338038703
AOI-0012,2021-07-24,0.16482516420469184
AOI-0012,2021-08-18,0.17859213952278055
AOI-0012,2021-08-25,0.1884758846303233
AOI-0012,2021-08-30,0.1990850252588856
AOI-0012,2021-09-07,0.19675017069677095
AOI-0012,2022-06-06,0.8236432492742234
AOI-0012,2022-06-19,0.6369035336176401
AOI-0012,2022-07-01,0.21432394133742833
AOI-0012,2022-07-28,0.30804142158501435
AOI-0012,2022-08-28,0.31547186977406505
AOI-0012,2022-09-08,0.2674470016676798
AOI-0012,2022-09-14,0.23652047439600266
AOI-0012,2023-04-10,0.7239258713986181
AOI-0012,2023-06-06,0.8096706622901916
AOI-0012,2023-06-23,0.3918922852587797
AOI-0012,2023-07-26,0.15837365121272795
AOI-0012,2023-08-05,0.1531286858717916
AOI-0012,2023-08-15,0.15958000234445785
AOI-0012,2023-10-07,0.20283183994484424
AOI-0012,2023-10-11,0.25266869803461695
AOI-0012,2024-04-01,0.6417577465766703
AOI-0012,2024-04-06,0.6985425757457926
AOI-0012,2024-05-08,0.7739478056469671
AOI-0012,2024-05-09,0.7688657061546574
AOI-0012,2024-06-17,0.3282553750195449
AOI-0012,2024-07-08,0.15880392235208723
AOI-0012,2024-07-10,0.16801145339648021
AOI-0012,2024-07-20,0.13963501647001045
AOI-0012,2024-08-22,0.16001879333505947
AOI-0012,2024-10-07,0.23679934993685853
AOI-0012,2024-10-15,0.2620231401535317
AOI-0016,2010-04-24,0.480093868506486
AOI-0016,2010-08-29,0.5453655576210383
AOI-0016,2011-05-09,0.6711178907474326
AOI-0016,2011-06-06,0.7964082487796771
AOI-0016,2011-06-10,0.718186356196373
AOI-0016,2011-06-30,0.6929958186956156
AOI-0016,2011-07-28,0.5664021002235321
AOI-0016,2012-04-29,0.6054262005134299
AOI-0016,2012-07-11,0.6602224154984611
AOI-0016,2012-07-27,0.5798695997276981
AOI-0016,2012-09-11,0.556155567922776
AOI-0016,2012-10-15,0.5353549342568351
AOI-0016,2013-06-03,0.7557998303796314
AOI-0016,2013-07-28,0.6468242286698346
AOI-0016,2013-08-13,0.6203258453663794
AOI-0016,2013-10-24,0.6230542783050194
AOI-0016,2014-04-07,0.4855365425854443
AOI-0016,2014-05-09,0.7406658906255987
AOI-0016,2014-05-21,0.7878877214611744
AOI-0016,2014-06-29,0.6300270295917748
AOI-0016,2014-07-08,0.6170384000611268
AOI-0016,2014-07-28,0.5369447677145344
AOI-0016,2015-04-06,0.29823275042954245
AOI-0016,2015-06-24,0.7213563117381527
AOI-0016,2015-07-12,0.6349848531590883
AOI-0016,2015-10-07,0.44085767762077144
AOI-0016,2016-05-25,0.5581696881361299
AOI-0016,2016-06-03,0.5536004718854479
AOI-0016,2016-06-19,0.5180460098443885
AOI-0016,2016-07-04,0.5250988194863164
AOI-0016,2016-07-05,0.5944542721458727
AOI-0016,2016-07-27,0.7346600364457063
AOI-0016,2017-04-03,0.25940656991626565
AOI-0016,2017-04-13,0.2173757609760631
AOI-0016,2017-08-09,0.578397294383354
AOI-0016,2017-08-11,0.5408352029131855
AOI-0016,2017-08-17,0.501613420458505
AOI-0016,2017-09-15,0.46530512732419116
AOI-0016,2018-04-06,0.20345953205394765
AOI-0016,2018-04-07,0.3250082464402848
AOI-0016,2018-04-11,0.174113740045217
AOI-0016,2018-05-16,0.3101339563011804
AOI-0016,2018-06-02,0.2545192194397172
AOI-0016,2019-04-06,0.18296581248256316
AOI-0016,2019-04-21,0.22923805107738005
AOI-0016,2019-05-11,0.18740464183959982
AOI-0016,2019-06-26,0.7003603947300263
AOI-0016,2019-07-06,0.6833841750721721
AOI-0016,2019-07-17,0.6608735575099365
AOI-0016,2019-07-28,0.7065260164100318
AOI-0016,2019-08-24,0.3374596969462472
AOI-0016,2019-09-13,0.3040269027388755
AOI-0016,2019-09-23,0.1607307696570026
AOI-0016,2020-05-04,0.28332501569294594
AOI-0016,2020-06-26,0.7279681662076194
AOI-0016,2020-07-07,0.7814884619046683
AOI-0016,2020-08-08,0.5108098688586733
AOI-0016,2020-08-24,0.38703263894955364
AOI-0016,2020-08-30,0.2506783274535097
AOI-0016,2020-09-17,0.1723299603659105
AOI-0016,2020-09-19,0.11267750022555864
AOI-0016,2020-10-03,0.1777278455988181
AOI-0016,2020-10-17,0.1535129788472212
AOI-0016,2021-04-02,0.24379652362518464
AOI-0016,2021-04-15,0.48059573239467845
AOI-0016,2021-05-12,0.8471124993619867
AOI-0016,2021-06-14,0.7886377122127142
AOI-0016,2021-07-14,0.18451262861692094
AOI-0016,2021-07-24,0.1219945908864841
AOI-0016,2021-08-03,0.14590089843297405
AOI-0016,2021-08-29,0.3090184228705789
AOI-0016,2021-09-17,0.17151904115295946
AOI-0016,2021-09-29,0.1979366912806229
AOI-0016,2021-10-14,0.1941155024773441
AOI-0016,2022-06-04,0.27970704935919743
AOI-0016,2022-06-06,0.3337331504089557
AOI-0016,2022-07-06,0.792159409226507
AOI-0016,2022-07-19,0.7794839036143116
AOI-0016,2022-07-21,0.7737832385119741
AOI-0016,2022-07-29,0.7524970106711707
AOI-0016,2022-08-03,0.7306833918356879
AOI-0016,2022-08-05,0.7402356591877097
AOI-0016,2022-08-08,0.6592852733864971
AOI-0016,2022-08-13,0.48756732378797774
AOI-0016,2022-08-23,0.39401153462363847
AOI-0016,2022-09-27,0.18465570496152883
AOI-0016,2022-10-19,0.179267904480189
AOI-0016,2023-04-11,0.7230150104389417
AOI-0016,2023-05-05,0.8616803231605593
AOI-0016,2023-05-25,0.7560282777301282
AOI-0016,2023-06-07,0.8054736488967675
AOI-0016,2023-06-11,0.6804574983706839
AOI-0016,2023-07-16,0.2629676318199792
AOI-0016,2023-07-17,0.2857355420861615
AOI-0016,2023-07-24,0.3504914688669599
AOI-0016,2023-07-28,0.42284836149532634
AOI-0016,2023-08-17,0.22600847581599154
AOI-0016,2023-08-25,0.14243470261405672
AOI-0016,2023-09-07,0.1542950948940054
AOI-0016,2023-09-26,0.22357406116899065
AOI-0016,2023-10-16,0.2583233339765305
AOI-0016,2023-10-19,0.16272132396141814
AOI-0016,2024-04-26,0.3646961221424758
AOI-0016,2024-05-04,0.4362354447280026
AOI-0016,2024-05-06,0.4102921300803092
AOI-0016,2024-05-09,0.4403005722090255
AOI-0016,2024-06-05,0.3624637087854965
AOI-0016,2024-06-13,0.31042873198902754
AOI-0016,2024-06-24,0.3441919889174226
AOI-0016,2024-07-10,0.2248247013680554
AOI-0016,2024-07-18,0.1911789266802421
AOI-0016,2024-09-11,0.16829702980346373
AOI-0016,2024-09-16,0.17269068085601902
AOI-0016,2024-10-07,0.23263625916707176
AOI-0016,2024-10-30,0.2469464154344665
AOI-0018,2010-07-12,0.6917895392226645
AOI-0018,2010-08-29,0.555084903756287
AOI-0018,2010-09-30,0.4220758741199495
AOI-0018,2011-04-26,0.26964772873740106
AOI-0018,2011-05-21,0.632465337144573
AOI-0018,2011-05-25,0.7411208343814001
AOI-0018,2011-06-22,0.7879071482913844
AOI-0018,2011-06-26,0.6846083738462782
AOI-0018,2011-07-15,0.6502522148288374
AOI-0018,2011-07-28,0.6070707550186978
AOI-0018,2011-08-17,0.6149061630374664
AOI-0018,2011-10-27,0.48435931774646124
AOI-0018,2012-04-06,0.3867715664191571
AOI-0018,2012-07-25,0.7402253884165344
AOI-0018,2012-07-27,0.590160948281353
AOI-0018,2012-09-04,0.5755723004050181
AOI-0018,2012-10-06,0.6097442470141533
AOI-0018,2012-10-15,0.5361830275740236
AOI-0018,2013-06-11,0.6551454031612366
AOI-0018,2013-08-13,0.6612282036996833
AOI-0018,2013-08-21,0.72279450411445
AOI-0018,2013-09-22,0.6315185000287717
AOI-0018,2013-10-16,0.548414935095737
AOI-0018,2014-05-09,0.7023356307297255
AOI-0018,2014-06-06,0.6860339375736706
AOI-0018,2014-06-10,0.5874323781372467
AOI-0018,2014-09-14,0.4239547498638274
AOI-0018,2015-04-07,0.46375273767080044
AOI-0018,2015-05-23,0.6911623373231222
AOI-0018,2015-05-25,0.6337545418417339
AOI-0018,2015-08-04,0.5203987015172366
AOI-0018,2015-08-11,0.5004510968251468
AOI-0018,2015-09-28,0.4566994103055141
AOI-0018,2016-05-18,0.7931023869622422
AOI-0018,2016-06-03,0.7910706713961242
AOI-0018,2016-06-18,0.7221405277553438
AOI-0018,2016-07-13,0.5582048470177634
AOI-0018,2016-08-22,0.5499961587166362
AOI-0018,2016-10-16,0.8029009824475469
AOI-0018,2017-07-12,0.6579531811724652
AOI-0018,2017-08-08,0.620348679565851
AOI-0018,2017-08-13,0.5402639999996105
AOI-0018,2017-09-02,0.6077679744663174
AOI-0018,2017-09-26,0.5430863819573073
AOI-0018,2017-10-04,0.4481009511448116
AOI-0018,2017-10-05,0.4454952656142009
AOI-0018,2017-10-08,0.41164421080109764
AOI-0018,2018-06-15,0.6384588103499943
AOI-0018,2018-07-18,0.6228025662888608
AOI-0018,2018-07-28,0.477987063612697
AOI-0018,2018-08-13,0.35190988207979657
AOI-0018,2018-08-20,0.32864736835474473
AOI-0018,2018-09-05,0.21828160233659755
AOI-0018,2018-10-07,0.2212671265693307
AOI-0018,2019-04-28,0.4955482392874106
AOI-0018,2019-05-02,0.47269728795036114
AOI-0018,2019-05-06,0.2902372489512931
AOI-0018,2019-05-13,0.2165776859314829
AOI-0018,2019-05-18,0.24716263287144005
AOI-0018,2019-05-21,0.22132040249402385
AOI-0018,2019-05-25,0.5295819539785298
AOI-0018,2019-06-25,0.28600019444263713
AOI-0018,2019-06-26,0.46819914470932267
AOI-0018,2019-07-12,0.62069408792001
AOI-0018,2019-08-29,0.5258409164847172
AOI-0018,2019-09-03,0.4764562383800661
AOI-0018,2019-09-10,0.3555279416597156
AOI-0018,2019-10-10,0.2676001449430444
AOI-0018,2019-10-13,0.25942792984234203
AOI-0018,2020-06-11,0.6161448772138016
AOI-0018,2020-06-25,0.35447837232598006
AOI-0018,2020-07-14,0.15421114134605984
AOI-0018,2020-08-20,0.17811629233291285
AOI-0018,2020-09-02,0.1754838899176934
AOI-0018,2020-09-04,0.15928839811473933
AOI-0018,2020-09-12,0.17306384391113724
AOI-0018,2020-09-26,0.17860350670275604
AOI-0018,2020-10-07,0.16832172201681944
AOI-0018,2020-10-09,0.17335623459521132
AOI-0018,2020-10-27,0.1983326323479526
AOI-0018,2021-04-02,0.20201958088661226
AOI-0018,2021-04-07,0.48991734832943645
AOI-0018,2021-05-09,0.7883644591451363
AOI-0018,2021-05-12,0.8160016733075979
AOI-0018,2021-05-20,0.8327538159693468
AOI-0018,2021-05-23,0.8439134382248317
AOI-0018,2021-06-14,0.7896896858170115
AOI-0018,2021-07-19,0.19388348824692103
AOI-0018,2021-07-28,0.36775249157874246
AOI-0018,2021-08-12,0.1136364248404721
AOI-0018,2021-08-23,0.24062046259346564
AOI-0018,2021-08-25,0.24102801865203977
AOI-0018,2021-08-29,0.3705236445321959
AOI-0018,2021-09-13,0.26112315004258424
AOI-0018,2021-10-27,0.2418697429302223
AOI-0018,2022-04-05,0.20021295284827545
AOI-0018,2022-04-08,0.2688538546687529
AOI-0018,2022-05-20,0.2613549641111821
AOI-0018,2022-06-04,0.38716259422721255
AOI-0018,2022-06-08,0.5659563624463848
AOI-0018,2022-06-19,0.709157466336696
AOI-0018,2022-06-24,0.7221761879910475
AOI-0018,2022-07-22,0.7810392556863068
AOI-0018,2022-07-30,0.7818811773992528
AOI-0018,2022-08-10,0.6721810479112721
AOI-0018,2022-08-28,0.31607837113158765
AOI-0018,2022-08-31,0.3786864144080043
AOI-0018,2022-10-19,0.1670171523238049
AOI-0018,2023-04-04,0.6954108303477293
AOI-0018,2023-04-10,0.6761914998250494
AOI-0018,2023-05-09,0.7943818583139752
AOI-0018,2023-05-15,0.8782147426944593
AOI-0018,2023-05-25,0.7587018403912551
AOI-0018,2023-06-24,0.35319807051047614
AOI-0018,2023-07-06,0.2680291633029861
AOI-0018,2023-07-16,0.2809299630360951
AOI-0018,2023-07-24,0.3430125278476964
AOI-0018,2023-08-02,0.29350106260022013
AOI-0018,2023-08-30,0.17614987593778053
AOI-0018,2023-09-12,0.1760131573061292
AOI-0018,2023-09-18,0.24749406851164912
AOI-0018,2023-10-12,0.19054954951570935
AOI-0018,2023-10-19,0.1791580674858968
AOI-0018,2024-04-05,0.2689874315398094
AOI-0018,2024-04-29,0.2964274927739819
AOI-0018,2024-05-07,0.335695350766268
AOI-0018,2024-06-17,0.7737084876820086
AOI-0018,2024-06-25,0.6248794067334049
AOI-0018,2024-06-28,0.7483090227035258
AOI-0018,2024-07-05,0.6484230349647355
AOI-0018,2024-08-03,0.5478409385069347
AOI-0018,2024-08-20,0.3750934331826125
AOI-0018,2024-09-20,0.25115670110547833
AOI-0018,2024-09-23,0.2009040510519331
AOI-0018,2024-10-01,0.17018062955759272
AOI-0018,2024-10-30,0.22383677289911363
AOI-0024,2010-04-23,0.2655293023202083
AOI-0024,2010-06-19,0.26885351595342133
AOI-0024,2010-07-28,0.7379558954402323
AOI-0024,2010-10-16,0.3001830799876998
AOI-0024,2011-06-14,0.3163514831764076
AOI-0024,2011-06-26,0.46191700748888415
AOI-0024,2011-07-16,0.46315675201822865
AOI-0024,2011-09-14,0.44866203957004136
AOI-0024,2011-10-16,0.37733933170329126
AOI-0024,2012-04-04,0.1411916219499525
AOI-0024,2012-04-06,0.34354270292789574
AOI-0024,2012-06-23,0.5452359019408581
AOI-0024,2012-07-18,0.3385930899865638
AOI-0024,2012-08-28,0.3088468344747153
AOI-0024,2012-09-04,0.2240191727191878
AOI-0024,2012-09-13,0.3062050782546383
AOI-0024,2012-09-27,0.2578420735548847
AOI-0024,2013-04-16,0.19804995938771136
AOI-0024,2013-06-11,0.3597929031692668
AOI-0024,2013-07-20,0.6202519301938639
AOI-0024,2013-07-29,0.547693978834899
AOI-0024,2013-08-22,0.3868462459081915
AOI-0024,2013-09-14,0.4449348530198806
AOI-0024,2014-05-09,0.8000183489180399
AOI-0024,2014-07-12,0.35050528934103026
AOI-0024,2014-08-09,0.16793472742865606
AOI-0024,2014-08-16,0.17643712854068538
AOI-0024,2014-09-30,0.24237048849973206
AOI-0024,2014-10-04,0.2095306154839269
AOI-0024,2015-04-14,0.28709715467413954
AOI-0024,2015-07-11,0.32967349747784447
AOI-0024,2015-07-12,0.4087935391439371
AOI-0024,2015-07-28,0.4049780099419959
AOI-0024,2015-09-29,0.2272631791002397
AOI-0024,2016-04-08,0.25382506932556625
AOI-0024,2016-04-23,0.32983558103341404
AOI-0024,2016-06-19,0.676168613856126
AOI-0024,2016-08-12,0.6889357191817502
AOI-0024,2016-08-22,0.6252340057632617
AOI-0024,2016-08-30,0.4377095638568467
AOI-0024,2016-09-14,0.41824871544204995
AOI-0024,2016-10-16,0.5325470199992279
AOI-0024,2017-04-26,0.5626062400371326
AOI-0024,2017-05-01,0.6114325196177002
AOI-0024,2017-05-12,0.7698844565172931
AOI-0024,2017-05-29,0.7954505074591602
AOI-0024,2017-06-13,0.7670939177416293
AOI-0024,2017-06-14,0.77410768863911
AOI-0024,2017-06-29,0.39461328023105374
AOI-0024,2017-07-07,0.3459350538481081
AOI-0024,2017-07-15,0.3120513660040942
AOI-0024,2017-08-01,0.1742655357672154
AOI-0024,2017-08-04,0.18502100394852533
AOI-0024,2017-08-08,0.2050440593385912
AOI-0024,2017-08-16,0.22385981114007814
AOI-0024,2017-08-24,0.20560590363366288
AOI-0024,2017-09-02,0.187002394557092
AOI-0024,2017-09-05,0.1574611297895065
AOI-0024,2017-09-18,0.16487686143106445
AOI-0024,2017-09-30,0.2321988345730798
AOI-0024,2018-04-14,0.21165061719999995
AOI-0024,2018-06-24,0.36892900090676
AOI-0024,2018-06-25,0.39804510612367383
AOI-0024,2018-08-19,0.22937140741935114
AOI-0024,2018-09-04,0.19390559933351684
AOI-0024,2018-09-29,0.1930413521901611
AOI-0024,2019-04-01,0.2724529613831552
AOI-0024,2019-04-21,0.4693297260695899
AOI-0024,2019-05-11,0.7571833161074304
AOI-0024,2019-05-28,0.8504881861524496
AOI-0024,2019-08-23,0.18600648631778574
AOI-0024,2019-08-24,0.19753531766293897
AOI-0024,2019-09-14,0.27728524766301677
AOI-0024,2019-09-15,0.1702347101255528
AOI-0024,2019-09-16,0.24363155202368114
AOI-0024,2019-10-09,0.38034684509524924
AOI-0024,2019-10-26,0.38982143271860786
AOI-0024,2020-04-30,0.2035310921593599
AOI-0024,2020-05-27,0.23845762425101247
AOI-0024,2020-07-07,0.684238980713932
AOI-0024,2020-08-09,0.41264374332469067
AOI-0024,2020-08-12,0.36618009222541426
AOI-0024,2020-09-22,0.1518268604388772
AOI-0024,2020-10-15,0.2538080802336489
AOI-0024,2021-06-10,0.7699973601748819
AOI-0024,2021-07-12,0.32224501082267176
AOI-0024,2021-08-03,0.18802963403146356
AOI-0024,2021-08-12,0.18973894772119498
AOI-0024,2021-08-23,0.1844065674418369
AOI-0024,2021-08-25,0.19732022443278396
AOI-0024,2022-04-05,0.5400912938444486
AOI-0024,2022-05-25,0.8566446084849413
AOI-0024,2022-06-04,0.8513629718993778
AOI-0024,2022-06-30,0.39158205147591063
AOI-0024,2022-07-01,0.28404564344115424
AOI-0024,2022-07-17,0.28045833640038753
AOI-0024,2022-08-22,0.30426673212463795
AOI-0024,2022-09-01,0.31302270995899273
AOI-0024,2022-09-30,0.3721517666003985
AOI-0024,2022-10-01,0.3494195126286813
AOI-0024,2023-04-23,0.5058241638258755
AOI-0024,2023-04-27,0.2189721335198621
AOI-0024,2023-05-12,0.2965089756182483
AOI-0024,2023-05-17,0.23435266178900024
AOI-0024,2023-06-19,0.5489873075978118
AOI-0024,2023-07-05,0.7846155284867943
AOI-0024,2023-07-21,0.8129461373940767
AOI-0024,2023-08-01,0.7815971749975368
AOI-0024,2023-08-06,0.7949895600234992
AOI-0024,2023-08-13,0.6899609631826121
AOI-0024,2023-08-18,0.599637691288766
AOI-0024,2023-09-22,0.25673916657932994
AOI-0024,2023-09-29,0.2211476117993723
AOI-0024,2023-10-11,0.20986994536958498
AOI-0024,2023-10-12,0.1786370622293941
AOI-0024,2024-04-05,0.670339258426095
AOI-0024,2024-04-11,0.7701696529324831
AOI-0024,2024-05-23,0.8760021241242496
AOI-0024,2024-06-24,0.3116440821788437
AOI-0024,2024-06-28,0.19905785517958555
AOI-0024,2024-07-11,0.2642441080940995
AOI-0024,2024-07-15,0.15943714023515496
AOI-0024,2024-07-27,0.22572098159306864
AOI-0024,2024-07-30,0.13173972479255305
AOI-0024,2024-08-09,0.1461317188111989
AOI-0024,2024-09-21,0.15070624466419374
AOI-0024,2024-10-03,0.13399004840386924
AOI-0024,2024-10-08,0.1424759027437073
AOI-0025,2010-06-02,0.5849186999482663
AOI-0025,2011-04-02,0.18969019514101343
AOI-0025,2011-04-07,0.3366360106231683
AOI-0025,2011-06-26,0.4192448730807006
AOI-0025,2011-08-08,0.21903706331400674
AOI-0025,2012-04-04,0.46124737770283397
AOI-0025,2012-05-24,0.7520009233829672
AOI-0025,2012-08-26,0.1709813271230033
AOI-0025,2013-04-07,0.46079434836432215
AOI-0025,2013-04-23,0.566820664287753
AOI-0025,2013-08-13,0.2683905045584842
AOI-0025,2013-10-16,0.5284521217896039
AOI-0025,2014-04-18,0.8598952409767844
AOI-0025,2014-05-09,0.8529919634612964
AOI-0025,2014-07-28,0.30358582163339054
AOI-0025,2014-08-24,0.2222052880005341
AOI-0025,2015-04-13,0.22186131410984117
AOI-0025,2015-05-25,0.5667487625941426
AOI-0025,2015-08-13,0.2763381646818909
AOI-0025,2015-09-14,0.24720939277860465
AOI-0025,2016-04-06,0.7016502124066043
AOI-0025,2016-05-09,0.8548485957504206
AOI-0025,2016-05-25,0.8309928857495055
AOI-0025,2016-06-10,0.45891458500603144
AOI-0025,2016-06-18,0.3208553003544581
AOI-0025,2016-07-11,0.30333120577762995
AOI-0025,2016-07-27,0.2693307781856348
AOI-0025,2016-08-12,0.2695789651226078
AOI-0025,2016-09-13,0.2518904414137785
AOI-0025,2016-10-15,0.2598026025211061
AOI-0025,2016-10-24,0.18813474267621416
AOI-0025,2017-04-02,0.21069483336639944
AOI-0025,2017-04-23,0.4381434415536464
AOI-0025,2017-05-25,0.6044696186570262
AOI-0025,2017-07-28,0.5448308807302582
AOI-0025,2017-07-31,0.6978877734797508
AOI-0025,2017-08-09,0.332734209012452
AOI-0025,2017-08-29,0.20453106357119616
AOI-0025,2018-07-26,0.254820884089127
AOI-0025,2018-09-12,0.18437154516418663
AOI-0025,2019-04-07,0.3828859206947587
AOI-0025,2019-05-02,0.3597974486118969
AOI-0025,2019-06-27,0.18422789266663547
AOI-0025,2019-08-06,0.18439975996813715
AOI-0025,2019-08-19,0.09903284684179994
AOI-0025,2019-08-22,0.22059465002186773
AOI-0025,2019-08-29,0.15534503375682185
AOI-0025,2019-09-14,0.23706174164000104
AOI-0025,2019-09-23,0.1349647708032194
AOI-0025,2019-10-23,0.6376050771114424
AOI-0025,2020-05-30,0.8053970477899468
AOI-0025,2020-08-13,0.15146013218803173
AOI-0025,2020-09-22,0.1444976206076419
AOI-0025,2020-10-12,0.13062387786764046
AOI-0025,2021-05-31,0.8959288067207842
AOI-0025,2021-06-24,0.7399759185785271
AOI-0025,2021-07-14,0.1570741994988643
AOI-0025,2021-07-28,0.29375238172321455
AOI-0025,2021-09-14,0.23770190551649956
AOI-0025,2021-10-16,0.2846657183902656
AOI-0025,2022-06-09,0.8538143028825931
AOI-0025,2022-06-11,0.8292224152899357
AOI-0025,2022-06-13,0.8159005906920274
AOI-0025,2022-06-29,0.2968716416196378
AOI-0025,2022-07-21,0.16611067859099748
AOI-0025,2022-08-13,0.15908629847830458
AOI-0025,2022-08-14,0.21815399409533442
AOI-0025,2022-08-29,0.23932232963454905
AOI-0025,2022-09-30,0.2594788109544417
AOI-0025,2023-05-09,0.5219765760423326
AOI-0025,2023-05-15,0.21356132792426105
AOI-0025,2023-06-26,0.712903377089708
AOI-0025,2023-07-16,0.7825273506865416
AOI-0025,2023-08-01,0.7834820633809594
AOI-0025,2023-08-13,0.7079583178315726
AOI-0025,2023-09-30,0.2838502680063477
AOI-0025,2024-05-07,0.8194135157310367
AOI-0025,2024-05-23,0.8181242336455353
AOI-0025,2024-07-18,0.1351341461751478
AOI-0025,2024-07-28,0.1358786588044332
AOI-0025,2024-08-12,0.13365114324051536
AOI-0025,2024-08-17,0.13415097663899866
AOI-0025,2024-09-16,0.14335271335306166
AOI-0025,2024-09-26,0.13288121886560422
AOI-0025,2024-10-11,0.13325106092544226
AOI-0025,2024-10-30,0.18853894068780802
AOI-0029,2010-08-13,0.2127029223738124
AOI-0029,2010-08-29,0.1663834071163271
AOI-0029,2011-04-26,0.3622995219176431
AOI-0029,2012-05-24,0.6151939391547879
AOI-0029,2012-06-09,0.6608871373213004
AOI-0029,2012-07-27,0.34469607164853566
AOI-0029,2012-09-27,0.16956652609541945
AOI-0029,2013-04-15,0.7661337883621879
AOI-0029,2013-05-09,0.8174514948266858
AOI-0029,2014-05-20,0.3438527609122233
AOI-0029,2014-06-10,0.3177417277320957
AOI-0029,2014-07-28,0.22047857067943855
AOI-0029,2014-08-13,0.19691312975912661
AOI-0029,2015-04-23,0.8014948950540705
AOI-0029,2016-04-07,0.21604003159105134
AOI-0029,2016-06-18,0.7674370440432761
AOI-0029,2016-07-04,0.7688308109352708
AOI-0029,2016-08-13,0.35808875814499774
AOI-0029,2016-09-29,0.3979820467045984
AOI-0029,2017-04-01,0.38635564486850626
AOI-0029,2017-04-07,0.6802509327513151
AOI-0029,2017-05-01,0.7179889102720665
AOI-0029,2017-06-10,0.514557397976174
AOI-0029,2017-06-26,0.3424906046818992
AOI-0029,2017-08-04,0.15265488252992726
AOI-0029,2017-08-09,0.15365550102045356
AOI-0029,2017-08-13,0.25174165497705747
AOI-0029,2017-09-01,0.22921528564855942
AOI-0029,2017-09-30,0.23218846589615966
AOI-0029,2018-04-23,0.433651338755986
AOI-0029,2018-06-16,0.21061594651461468
AOI-0029,2018-09-12,0.1681090888426
AOI-0029,2018-09-18,0.17141474856237746
AOI-0029,2018-09-30,0.2470405065249509
AOI-0029,2019-04-11,0.5461295847377456
AOI-0029,2019-04-23,0.7580505659021604
AOI-0029,2019-06-05,0.8350906688396712
AOI-0029,2019-06-15,0.6757119344426165
AOI-0029,2019-06-25,0.2217775312038229
AOI-0029,2019-07-25,0.14758640589555705
AOI-0029,2019-07-28,0.2464662612587728
AOI-0029,2019-09-13,0.14567341501117886
AOI-0029,2019-09-23,0.1240828492332354
AOI-0029,2020-04-02,0.18303347136685982
AOI-0029,2020-04-06,0.3500996490659428
AOI-0029,2020-05-20,0.5541322438971554
AOI-0029,2020-07-14,0.126641331899146
AOI-0029,2020-07-23,0.22025993665279203
AOI-0029,2020-08-03,0.12937145183515297
AOI-0029,2020-09-02,0.1540556642001893
AOI-0029,2020-09-17,0.15034348115352963
AOI-0029,2020-09-25,0.20609613994439868
AOI-0029,2021-04-21,0.6107662769800875
AOI-0029,2021-05-07,0.7844861778930812
AOI-0029,2021-05-23,0.8951499930343423
AOI-0029,2021-06-16,0.7680900856262932
AOI-0029,2021-06-19,0.7620594930857552
AOI-0029,2021-06-26,0.49914568161332395
AOI-0029,2021-07-10,0.3082601789795807
AOI-0029,2021-09-17,0.18992567848045114
AOI-0029,2021-10-07,0.1896694468641065
AOI-0029,2021-10-22,0.2320574665743472
AOI-0029,2021-10-27,0.25587546094470615
AOI-0029,2022-04-10,0.19746574099014735
AOI-0029,2022-04-15,0.2602127565617639
AOI-0029,2022-06-09,0.41544652265904425
AOI-0029,2022-06-19,0.7060450458236056
AOI-0029,2022-07-05,0.7891034685404306
AOI-0029,2022-07-12,0.6449980461084542
AOI-0029,2022-08-03,0.650493996536119
AOI-0029,2022-08-29,0.32719214024581267
AOI-0029,2022-09-17,0.1996174744997225
AOI-0029,2023-06-30,0.45200442173055017
AOI-0029,2023-07-12,0.3147155879938114
AOI-0029,2023-07-28,0.34365604731783145
AOI-0029,2023-08-01,0.2286933572187514
AOI-0029,2023-08-09,0.304328433941914
AOI-0029,2023-08-25,0.17870659079968346
AOI-0029,2023-09-22,0.1593531354897276
AOI-0029,2023-09-24,0.16272384216646066
AOI-0029,2024-05-24,0.2467830366208342
AOI-0029,2024-06-24,0.19641804654238196
AOI-0029,2024-06-28,0.13053355301162795
AOI-0029,2024-07-03,0.1353488451462432
AOI-0029,2024-07-11,0.2037390080527245
AOI-0029,2024-09-28,0.16814420720035256
AOI-0034,2010-04-26,0.3347376083379189
AOI-0034,2010-05-28,0.597638130213936
AOI-0034,2010-06-12,0.6643821170206918
AOI-0034,2010-07-31,0.2349025400130847
AOI-0034,2011-04-07,0.3580915603372965
AOI-0034,2011-04-28,0.2872526392054426
AOI-0034,2011-06-16,0.2804832299038055
AOI-0034,2011-06-26,0.306546693569121
AOI-0034,2011-07-26,0.19364144192368535
AOI-0034,2011-08-18,0.1876040881195373
AOI-0034,2011-09-27,0.2605760944639664
AOI-0034,2011-09-30,0.3560223198848538
AOI-0034,2012-05-01,0.6283817872377918
AOI-0034,2012-05-17,0.5465843115540869
AOI-0034,2012-05-24,0.45592476754933525
AOI-0034,2012-06-09,0.306217600955617
AOI-0034,2012-06-25,0.2650118114381139
AOI-0034,2012-07-27,0.1730829662304007
AOI-0034,2012-08-12,0.1957673116284139
AOI-0034,2013-04-02,0.14272185360574546
AOI-0034,2013-04-18,0.2713737628472585
AOI-0034,2013-05-11,0.3717014851174262
AOI-0034,2013-06-13,0.20855072468222452
AOI-0034,2013-06-21,0.18204668961494702
AOI-0034,2013-07-14,0.17290035742989313
AOI-0034,2013-08-23,0.22529460245191654
AOI-0034,2013-10-10,0.31769919098123633
AOI-0034,2014-07-10,0.15344155961109068
AOI-0034,2014-10-29,0.1927382616484965
AOI-0034,2015-04-24,0.1969930152715184
AOI-0034,2015-05-26,0.20317091655488806
AOI-0034,2015-07-04,0.1573912940262323
AOI-0034,2015-08-13,0.16937401250059475
AOI-0034,2015-08-29,0.16609220282475815
AOI-0034,2015-09-07,0.1723160956175106
AOI-0034,2015-09-15,0.1293084979586899
AOI-0034,2015-09-22,0.15097357472899586
AOI-0034,2015-10-08,0.17201209495751596
AOI-0034,2016-06-12,0.5509905525256484
AOI-0034,2016-06-21,0.29374922962293826
AOI-0034,2016-07-27,0.207574653564153
AOI-0034,2016-08-31,0.1760536572333345
AOI-0034,2016-10-15,0.20681731624957425
AOI-0034,2016-10-26,0.18375292789247885
AOI-0034,2017-04-03,0.16452211389748206
AOI-0034,2017-04-04,0.14175705043399373
AOI-0034,2017-05-07,0.2131259126100402
AOI-0034,2017-06-10,0.3191003880008658
AOI-0034,2017-07-17,0.18422293142072282
AOI-0034,2017-07-25,0.14749800885797354
AOI-0034,2017-08-02,0.1786099724794788
AOI-0034,2017-08-06,0.13905069208657955
AOI-0034,2017-08-19,0.1386439589125322
AOI-0034,2017-09-11,0.1550465161799946
AOI-0034,2017-09-28,0.30035139007152184
AOI-0034,2018-04-28,0.7847695831845851
AOI-0034,2018-05-17,0.8114775505838168
AOI-0034,2018-05-30,0.6858348245780957
AOI-0034,2018-06-11,0.4042416452706731
AOI-0034,2018-06-27,0.18936850119207854
AOI-0034,2018-09-05,0.10909050284635274
AOI-0034,2019-04-23,0.21212722302852954
AOI-0034,2019-05-18,0.1706029117031223
AOI-0034,2019-05-29,0.20442477944400175
AOI-0034,2019-06-04,0.14213969000335375
AOI-0034,2019-06-17,0.13973577245956575
AOI-0034,2019-06-22,0.14038288203962965
AOI-0034,2019-06-24,0.15644574162905667
AOI-0034,2019-06-27,0.13366044477514294
AOI-0034,2019-07-19,0.08256472358156625
AOI-0034,2019-07-29,0.1359512077357344
AOI-0034,2019-08-11,0.14249553453596442
AOI-0034,2019-08-13,0.16609152267390886
AOI-0034,2019-09-02,0.14113575135268797
AOI-0034,2019-09-14,0.228403976993621
AOI-0034,2019-09-17,0.1555365750218018
AOI-0034,2019-10-22,0.6795554679898608
AOI-0034,2020-04-14,0.7225045031630326
AOI-0034,2020-04-17,0.771099969342551
AOI-0034,2020-04-29,0.7567665103723745
AOI-0034,2020-05-04,0.7024162952809754
AOI-0034,2020-05-24,0.6435691910947476
AOI-0034,2020-05-31,0.6508700804707249
AOI-0034,2020-06-03,0.6350339918868623
AOI-0034,2020-07-10,0.1506979044588554
AOI-0034,2020-07-16,0.11261858325424395
AOI-0034,2020-07-23,0.07868818985451739
AOI-0034,2020-07-25,0.17508698017549829
AOI-0034,2020-07-28,0.10735028526199394
AOI-0034,2020-07-31,0.11992421091498455
AOI-0034,2020-08-07,0.1185206521512358
AOI-0034,2020-08-11,0.14857996660154915
AOI-0034,2020-09-03,0.11825343987020676
AOI-0034,2020-09-04,0.1333382695325448
AOI-0034,2020-09-29,0.121956213755418
AOI-0034,2020-10-15,0.17601040307881477
AOI-0034,2021-04-12,0.1351544614440285
AOI-0034,2021-04-22,0.1220631196790489
AOI-0034,2021-05-01,0.19430168666725844
AOI-0034,2021-05-07,0.16774772285720255
AOI-0034,2021-05-10,0.1950489559627538
AOI-0034,2021-05-29,0.15262704802986685
AOI-0034,2021-07-26,0.13111719354390794
AOI-0034,2021-07-28,0.12735851963582576
AOI-0034,2021-07-31,0.1319171838103821
AOI-0034,2021-08-02,0.1218726064353731
AOI-0034,2021-08-06,0.17763718888449315
AOI-0034,2021-08-17,0.12510443540165006
AOI-0034,2021-08-29,0.1913418096298622
AOI-0034,2021-09-11,0.11334014909544965
AOI-0034,2021-09-14,0.11802909099590114
AOI-0034,2021-09-15,0.1557140568942202
AOI-0034,2021-10-06,0.29963758667762375
AOI-0034,2021-10-09,0.3269829387863038
AOI-0034,2022-04-12,0.6803537675554863
AOI-0034,2022-05-29,0.8141498676324265
AOI-0034,2022-06-11,0.46212869027106174
AOI-0034,2022-06-20,0.31876829094530895
AOI-0034,2022-06-30,0.28089847291280395
AOI-0034,2022-08-25,0.13096901004743325
AOI-0034,2022-09-06,0.12900835099721195
AOI-0034,2022-09-09,0.12719557576056595
AOI-0034,2022-10-01,0.114815443180319
AOI-0034,2022-10-06,0.14556613109034178
AOI-0034,2023-04-04,0.19410697270819538
AOI-0034,2023-04-17,0.16937681787451792
AOI-0034,2023-04-23,0.37060451976349773
AOI-0034,2023-05-31,0.22012862086923715
AOI-0034,2023-07-21,0.1565444822739377
AOI-0034,2023-07-23,0.12153117218686574
AOI-0034,2023-07-28,0.20896487769463545
AOI-0034,2023-08-08,0.1935738121599213
AOI-0034,2023-08-17,0.13505068924938318
AOI-0034,2023-09-26,0.24301827118407188
AOI-0034,2023-09-28,0.3003915413616405
AOI-0034,2023-09-30,0.38191752355762965
AOI-0034,2023-10-01,0.30331546257566777
AOI-0034,2024-04-28,0.8022999642089192
AOI-0034,2024-05-09,0.7760113310638617
AOI-0034,2024-05-10,0.755661688713102
AOI-0034,2024-05-21,0.7709733461753439
AOI-0034,2024-06-26,0.23747666329621286
AOI-0034,2024-08-16,0.12708639675565986
AOI-0034,2024-09-06,0.1394273938908023
AOI-0034,2024-09-07,0.15531249268245956
AOI-0034,2024-09-13,0.11946255858749624
AOI-0034,2024-09-14,0.1581123344831758
AOI-0034,2024-10-05,0.1298049401577058
AOI-0034,2024-10-09,0.17223840743507085
AOI-0034,2024-10-15,0.16329607724519435
AOI-0034,2024-10-25,0.12683377430629295
AOI-0034,2024-10-30,0.11207422122313515
AOI-0036,2010-05-28,0.3665504843189434
AOI-0036,2010-06-10,0.45280425250345946
AOI-0036,2010-07-06,0.3339347096453654
AOI-0036,2010-07-07,0.3112516855806255
AOI-0036,2010-07-28,0.2512075525163743
AOI-0036,2010-07-30,0.22920336532490532
AOI-0036,2010-09-01,0.1466538684583289
AOI-0036,2010-09-14,0.1926176669016764
AOI-0036,2010-09-30,0.2268992944726116
AOI-0036,2011-07-01,0.4171618624715355
AOI-0036,2011-07-12,0.3527917501081626
AOI-0036,2012-04-22,0.5303647807955639
AOI-0036,2012-07-20,0.2519155149292394
AOI-0036,2012-07-27,0.2614974439048118
AOI-0036,2012-09-06,0.17103752104329056
AOI-0036,2012-09-13,0.16758186440087086
AOI-0036,2012-09-29,0.18724771070677476
AOI-0036,2012-10-15,0.19407413072490046
AOI-0036,2013-04-02,0.18307760468916484
AOI-0036,2013-06-10,0.31104924561497405
AOI-0036,2013-06-26,0.341503892375431
AOI-0036,2013-06-28,0.26812427484443835
AOI-0036,2013-09-14,0.3814756522342011
AOI-0036,2013-10-10,0.26636836747085924
AOI-0036,2014-04-23,0.520405912092533
AOI-0036,2014-05-25,0.40363632923654735
AOI-0036,2014-06-24,0.2365857719166305
AOI-0036,2014-08-02,0.15587391812728119
AOI-0036,2014-10-05,0.1670688993015406
AOI-0036,2014-10-14,0.1839740888945034
AOI-0036,2015-05-25,0.45971268073160443
AOI-0036,2015-07-28,0.2178830172032769
AOI-0036,2015-08-06,0.18859885029482243
AOI-0036,2015-09-06,0.13440253999197965
AOI-0036,2015-09-30,0.1903857417296676
AOI-0036,2016-06-09,0.34329643577049707
AOI-0036,2016-07-15,0.2871728993880148
AOI-0036,2016-07-27,0.3073076194415014
AOI-0036,2016-08-23,0.2152006670488654
AOI-0036,2016-09-25,0.18014191470902186
AOI-0036,2016-10-26,0.2324324613137897
AOI-0036,2017-04-12,0.3911615318334266
AOI-0036,2017-07-04,0.1869803874744606
AOI-0036,2017-07-25,0.215077137292511
AOI-0036,2017-07-28,0.2430999436498338
AOI-0036,2017-08-18,0.18713102540298515
AOI-0036,2017-08-21,0.15034774462651168
AOI-0036,2017-08-26,0.14533373426507715
AOI-0036,2017-08-27,0.1918920128207488
AOI-0036,2017-09-04,0.15251337519796387
AOI-0036,2018-06-03,0.3866509483799718
AOI-0036,2018-06-26,0.22108522878902453
AOI-0036,2018-07-12,0.1915874345807172
AOI-0036,2018-08-22,0.1637690817480864
AOI-0036,2018-08-29,0.1701955060183834
AOI-0036,2018-09-05,0.13053107494626187
AOI-0036,2018-09-06,0.17850507822895656
AOI-0036,2018-10-01,0.16271729233268722
AOI-0036,2018-10-09,0.15839611903850445
AOI-0036,2018-10-12,0.18937169529743297
AOI-0036,2019-05-21,0.5414854107017342
AOI-0036,2019-05-25,0.5099177784756087
AOI-0036,2019-05-29,0.482297607690661
AOI-0036,2019-06-04,0.37596203526231864
AOI-0036,2019-06-17,0.20694147743146454
AOI-0036,2019-07-12,0.19667231247145478
AOI-0036,2019-07-28,0.27122001876476687
AOI-0036,2019-07-29,0.20789759759432064
AOI-0036,2019-08-01,0.2379082395332845
AOI-0036,2019-08-26,0.17400160230278494
AOI-0036,2019-08-29,0.201513422672594
AOI-0036,2019-09-15,0.14068232734345215
AOI-0036,2019-10-15,0.3290347309088595
AOI-0036,2019-10-19,0.40713671400199436
AOI-0036,2019-10-22,0.4534769731235627
AOI-0036,2020-04-04,0.46553890531688535
AOI-0036,2020-04-06,0.4860793439621477
AOI-0036,2020-05-24,0.4925719937482011
AOI-0036,2020-05-29,0.41502582397688303
AOI-0036,2020-06-11,0.35325038041973233
AOI-0036,2020-08-10,0.13188423910986205
AOI-0036,2020-08-19,0.16426284148949027
AOI-0036,2020-08-26,0.17300955086653536
AOI-0036,2020-08-28,0.1916425032431161
AOI-0036,2020-09-20,0.17629885017660815
AOI-0036,2020-10-19,0.13315515789774723
AOI-0036,2020-10-26,0.1477985678396113
AOI-0036,2021-06-26,0.23556838578445377
AOI-0036,2021-07-21,0.17057290317339716
AOI-0036,2021-07-26,0.17375874714928502
AOI-0036,2021-08-06,0.23108296356202007
AOI-0036,2021-08-17,0.23430055561373625
AOI-0036,2021-10-14,0.3330300267074877
AOI-0036,2022-04-07,0.36150720794442803
AOI-0036,2022-06-14,0.2932442872855606
AOI-0036,2022-06-26,0.24602672180398882
AOI-0036,2022-07-07,0.2334585867679007
AOI-0036,2022-07-21,0.154011128020173
AOI-0036,2022-08-13,0.1682890917195769
AOI-0036,2022-08-22,0.14274466214027998
AOI-0036,2022-08-24,0.1761539890193951
AOI-0036,2022-09-14,0.17762607986568874
AOI-0036,2022-09-18,0.14181328024968295
AOI-0036,2023-04-17,0.4251528211391401
AOI-0036,2023-05-09,0.6441331897101072
AOI-0036,2023-06-18,0.3513785216031869
AOI-0036,2023-06-25,0.4209372042920754
AOI-0036,2023-07-02,0.39942514541433083
AOI-0036,2023-08-17,0.19101228868539238
AOI-0036,2023-09-29,0.16468081391590164
AOI-0036,2023-10-16,0.2208084518069711
AOI-0036,2023-10-23,0.1775673130120981
AOI-0036,2024-04-13,0.39117640139544974
AOI-0036,2024-05-06,0.4945254165937465
AOI-0036,2024-05-10,0.4827827235490244
AOI-0036,2024-05-16,0.47963024846755353
AOI-0036,2024-05-18,0.4291461331828015
AOI-0036,2024-05-23,0.3874306588915559
AOI-0036,2024-06-07,0.21210384514764602
AOI-0036,2024-07-22,0.13642564803721155
AOI-0036,2024-07-25,0.1458616118938248
AOI-0036,2024-08-21,0.13657455713602656
AOI-0036,2024-08-28,0.1653899897828929
AOI-0036,2024-09-15,0.13496553250834187
AOI-0036,2024-09-22,0.17063896841880805
AOI-0036,2024-09-25,0.137658188872575
AOI-0036,2024-09-28,0.13950238470949117
AOI-0039,2010-04-07,0.36239369777251823
AOI-0039,2010-05-04,0.46483622567141303
AOI-0039,2010-05-28,0.5754625796323243
AOI-0039,2010-07-15,0.48593419205070465
AOI-0039,2010-09-30,0.3643432655339146
AOI-0039,2012-04-06,0.4029015837861408
AOI-0039,2012-09-06,0.38443191247374364
AOI-0039,2013-04-05,0.29475672718675106
AOI-0039,2013-06-13,0.48492487101229953
AOI-0039,2013-06-26,0.4468936343713079
AOI-0039,2013-07-12,0.38080866995315693
AOI-0039,2013-09-14,0.5147096537892231
AOI-0039,2014-04-07,0.5073692749080927
AOI-0039,2014-06-08,0.48697715689846377
AOI-0039,2014-06-23,0.4837504030945641
AOI-0039,2014-08-02,0.32985618037889647
AOI-0039,2014-09-04,0.331547814078719
AOI-0039,2015-04-24,0.4393965983994538
AOI-0039,2015-05-10,0.5399497806750249
AOI-0039,2015-06-10,0.47155074246277273
AOI-0039,2015-07-28,0.4089538249057605
AOI-0039,2015-08-14,0.3560752399775307
AOI-0039,2015-08-21,0.3562226734262752
AOI-0039,2015-09-22,0.41961103218206375
AOI-0039,2015-09-23,0.46342942185369634
AOI-0039,2016-04-25,0.6480640900713084
AOI-0039,2016-05-08,0.641492044875914
AOI-0039,2016-07-06,0.44102728049159245
AOI-0039,2016-09-08,0.31273007762218363
AOI-0039,2016-10-03,0.3610786162843308
AOI-0039,2016-10-15,0.37021212209904186
AOI-0039,2016-10-18,0.41309700507855734
AOI-0039,2017-04-13,0.4316247678726537
AOI-0039,2017-05-09,0.5442994278966193
AOI-0039,2017-08-13,0.36881327467111336
AOI-0039,2017-08-19,0.3871357416240983
AOI-0039,2017-09-10,0.47660013265331036
AOI-0039,2017-09-11,0.4577790698466705
AOI-0039,2017-09-17,0.5150400577671559
AOI-0039,2017-09-22,0.5372627697818801
AOI-0039,2018-05-01,0.5689159400259435
AOI-0039,2018-08-14,0.4265061460858724
AOI-0039,2018-08-21,0.4477694659357731
AOI-0039,2018-08-29,0.3363698703379901
AOI-0039,2019-04-25,0.5047014006900077
AOI-0039,2019-06-02,0.6515982404429896
AOI-0039,2019-06-10,0.5001343456521038
AOI-0039,2019-06-14,0.5173397457865498
AOI-0039,2019-07-04,0.4239333722519695
AOI-0039,2019-07-17,0.3659439606697469
AOI-0039,2019-08-01,0.49571363541807506
AOI-0039,2019-08-09,0.4895994717755294
AOI-0039,2019-08-11,0.48641544181573754
AOI-0039,2019-08-31,0.41945742124265667
AOI-0039,2019-09-12,0.3602326788258238
AOI-0039,2019-10-02,0.4159525028931734
AOI-0039,2019-10-11,0.5108811381671016
AOI-0039,2019-10-12,0.36579319664009646
AOI-0039,2019-10-16,0.5722607828288981
AOI-0039,2019-10-17,0.4320371907799506
AOI-0039,2019-10-25,0.49634415929629383
AOI-0039,2020-04-12,0.38009853759148804
AOI-0039,2020-04-21,0.4202483414154151
AOI-0039,2020-04-24,0.3980436301858358
AOI-0039,2020-05-14,0.5559642574767291
AOI-0039,2020-05-29,0.5488201318726946
AOI-0039,2020-06-28,0.5181031746971163
AOI-0039,2020-07-23,0.3190547993492886
AOI-0039,2020-07-25,0.3899009136609147
AOI-0039,2020-07-26,0.3084601529754538
AOI-0039,2020-08-03,0.39264125064077515
AOI-0039,2020-08-07,0.3325301998118117
AOI-0039,2020-08-18,0.3496952692812001
AOI-0039,2020-08-19,0.3913424300413013
AOI-0039,2020-08-27,0.32053906527432224
AOI-0039,2020-09-09,0.33831352788006497
AOI-0039,2020-10-11,0.22962206469890728
AOI-0039,2020-10-26,0.28031257988061875
AOI-0039,2021-04-23,0.5006731279713305
AOI-0039,2021-05-12,0.5997377454942994
AOI-0039,2021-05-17,0.6235539018418506
AOI-0039,2021-05-22,0.5963133626527798
AOI-0039,2021-06-26,0.4771575228080191
AOI-0039,2021-07-26,0.4658511752008722
AOI-0039,2021-08-07,0.4406965438385826
AOI-0039,2021-08-25,0.45412806475171896
AOI-0039,2021-08-29,0.41938577344063777
AOI-0039,2021-09-06,0.5193220840888545
AOI-0039,2021-09-19,0.46429763045420536
AOI-0039,2021-10-09,0.4464866602019967
AOI-0039,2022-04-12,0.4117750721031138
AOI-0039,2022-05-28,0.7526922742283781
AOI-0039,2022-06-05,0.7210463841957317
AOI-0039,2022-06-16,0.6188648191732096
AOI-0039,2022-07-06,0.5520034706233097
AOI-0039,2022-07-08,0.49417475312056247
AOI-0039,2022-08-13,0.39313881904978915
AOI-0039,2022-08-30,0.3163612243211099
AOI-0039,2022-10-01,0.43804646801284525
AOI-0039,2023-05-09,0.6323841316968397
AOI-0039,2023-06-13,0.7105182403818473
AOI-0039,2023-06-21,0.6324339118808928
AOI-0039,2023-06-23,0.6107688663047653
AOI-0039,2023-07-28,0.3769367825949804
AOI-0039,2023-07-31,0.41669542547610516
AOI-0039,2023-08-18,0.4049486911917629
AOI-0039,2023-09-30,0.38116727862587774
AOI-0039,2023-10-06,0.41439705850662345
AOI-0039,2023-10-11,0.43140551800345983
AOI-0039,2023-10-15,0.4553233579039011
AOI-0039,2023-10-29,0.46194197476216137
AOI-0039,2024-04-08,0.4529544978541864
AOI-0039,2024-05-23,0.6312418434179926
AOI-0039,2024-06-09,0.46779581702007406
AOI-0039,2024-06-19,0.5403646979002614
AOI-0039,2024-07-15,0.34962590867050347
AOI-0039,2024-07-21,0.4156386897715223
AOI-0039,2024-08-21,0.323433929570233
AOI-0039,2024-08-31,0.28963317441030423
AOI-0039,2024-09-13,0.27203986819867126
AOI-0039,2024-09-18,0.3016880882304802
AOI-0039,2024-10-30,0.22923675546332994
AOI-0042,2010-06-04,0.1898922038719711
AOI-0042,2010-06-05,0.18460605990809525
AOI-0042,2010-07-15,0.15105964740432765
AOI-0042,2010-08-15,0.12511248137709505
AOI-0042,2010-08-31,0.13894406245087226
AOI-0042,2010-10-16,0.2388399032507002
AOI-0042,2011-05-14,0.5637699664100161
AOI-0042,2011-05-30,0.6914152207394542
AOI-0042,2011-07-02,0.2265946664512635
AOI-0042,2011-07-28,0.24536466331222917
AOI-0042,2011-08-13,0.25416367692758157
AOI-0042,2011-08-29,0.27602440474945095
AOI-0042,2011-09-27,0.26549760812382733
AOI-0042,2011-10-16,0.3614289441759681
AOI-0042,2012-06-25,0.2051270117961127
AOI-0042,2012-07-20,0.20984345304620627
AOI-0042,2012-08-28,0.25454856627197997
AOI-0042,2013-04-26,0.2000436936261496
AOI-0042,2013-05-11,0.2137908430312221
AOI-0042,2013-06-13,0.40040131657795586
AOI-0042,2013-09-08,0.27474397741805845
AOI-0042,2014-04-05,0.21866779514964124
AOI-0042,2014-06-16,0.24050286583615554
AOI-0042,2014-10-16,0.1535106464369553
AOI-0042,2015-07-13,0.1656950649071342
AOI-0042,2015-08-29,0.19579055625698316
AOI-0042,2015-09-06,0.13959172996470756
AOI-0042,2015-09-23,0.208656076737548
AOI-0042,2015-10-16,0.237908922788434
AOI-0042,2016-06-21,0.2452796231050293
AOI-0042,2016-07-15,0.1431495513929275
AOI-0042,2016-08-16,0.16676539738391785
AOI-0042,2017-04-13,0.1676876721882537
AOI-0042,2017-04-28,0.1883116160527488
AOI-0042,2017-05-07,0.20821802851314675
AOI-0042,2017-05-23,0.21670840234613756
AOI-0042,2017-06-07,0.18040510665071596
AOI-0042,2017-06-08,0.2064549611933721
AOI-0042,2017-07-25,0.15618469809002583
AOI-0042,2017-07-26,0.2066409747394661
AOI-0042,2017-08-03,0.1499218214584248
AOI-0042,2017-08-06,0.13975471254669464
AOI-0042,2017-08-13,0.17711319201391296
AOI-0042,2017-08-19,0.1518845888544541
AOI-0042,2017-08-26,0.1427515079297325
AOI-0042,2017-10-05,0.20784793419193043
AOI-0042,2018-05-05,0.6520492240891499
AOI-0042,2018-05-25,0.5546109697587216
AOI-0042,2018-06-12,0.2768511917865395
AOI-0042,2018-08-21,0.20205858858675568
AOI-0042,2018-10-01,0.23088831617018546
AOI-0042,2019-04-10,0.17278420068235065
AOI-0042,2019-04-27,0.2097927258025685
AOI-0042,2019-06-21,0.18753300154971342
AOI-0042,2019-06-22,0.1420832959417321
AOI-0042,2019-08-03,0.15822246859611866
AOI-0042,2019-08-16,0.1365817170444529
AOI-0042,2019-08-26,0.13770379455748089
AOI-0042,2019-09-02,0.1423501087639623
AOI-0042,2019-09-10,0.14471053334274125
AOI-0042,2019-09-22,0.1251666367614564
AOI-0042,2019-10-19,0.4807359913646172
AOI-0042,2019-10-20,0.45563875591315506
AOI-0042,2019-10-28,0.5771879172833067
AOI-0042,2020-04-06,0.7402841158936384
AOI-0042,2020-05-04,0.7160583328008109
AOI-0042,2020-07-03,0.14851324521511755
AOI-0042,2020-07-25,0.16936496608219964
AOI-0042,2020-08-27,0.10865657692392325
AOI-0042,2020-09-29,0.1338139495257493
AOI-0042,2021-04-07,0.19333624867410498
AOI-0042,2021-04-12,0.1238500505759787
AOI-0042,2021-05-17,0.15070661536560775
AOI-0042,2021-06-23,0.13486466026133448
AOI-0042,2021-07-01,0.1177861290048133
AOI-0042,2021-07-11,0.12960944342016756
AOI-0042,2021-07-13,0.1348934201933909
AOI-0042,2021-07-21,0.12646959033234084
AOI-0042,2021-07-28,0.14825535750103694
AOI-0042,2021-07-31,0.1281130991815109
AOI-0042,2021-08-17,0.14878299254502114
AOI-0042,2021-09-14,0.13042628857953714
AOI-0042,2022-04-12,0.5479473627995053
AOI-0042,2022-04-27,0.7486021353139296
AOI-0042,2022-05-09,0.7865532813957021
AOI-0042,2022-05-14,0.7783814367640844
AOI-0042,2022-05-25,0.7448206159366693
AOI-0042,2022-06-05,0.74672784449185
AOI-0042,2022-06-21,0.26935309284842657
AOI-0042,2022-07-24,0.15104706371390764
AOI-0042,2022-08-10,0.14238466706166036
AOI-0042,2022-08-17,0.0996494862042938
AOI-0042,2022-09-14,0.16137575911964055
AOI-0042,2022-10-19,0.16154083615048515
AOI-0042,2023-04-23,0.34665189232099447
AOI-0042,2023-05-02,0.16408330182111275
AOI-0042,2023-05-19,0.21945246243236594
AOI-0042,2023-06-08,0.14911458183587656
AOI-0042,2023-06-10,0.2948205988774182
AOI-0042,2023-06-21,0.1349316780511278
AOI-0042,2023-06-23,0.14307040693429424
AOI-0042,2023-06-26,0.18564338189801582
AOI-0042,2023-07-03,0.15660807792065523
AOI-0042,2023-07-06,0.14031044024724715
AOI-0042,2023-07-28,0.2031693003989638
AOI-0042,2023-08-07,0.1264923415546577
AOI-0042,2023-08-08,0.136208333937898
AOI-0042,2023-08-15,0.13756256915947465
AOI-0042,2023-08-20,0.1269168917617459
AOI-0042,2023-09-01,0.1298138258527878
AOI-0042,2023-10-01,0.13851039606446525
AOI-0042,2023-10-09,0.17370485583575346
AOI-0042,2023-10-30,0.4229329688283163
AOI-0042,2024-05-17,0.7769390303690126
AOI-0042,2024-05-23,0.7377717189227899
AOI-0042,2024-06-11,0.31820099938605273
AOI-0042,2024-06-18,0.2855215327567401
AOI-0042,2024-06-19,0.29823658117070906
AOI-0042,2024-07-02,0.18105574694725354
AOI-0042,2024-07-20,0.1119942313422218
AOI-0042,2024-07-29,0.1793643466651456
AOI-0042,2024-07-30,0.11055268257793269
AOI-0042,2024-08-12,0.1352610330733213
AOI-0042,2024-08-13,0.15617113830156
AOI-0042,2024-08-16,0.10822950186672785
AOI-0042,2024-08-19,0.10907347423880676
AOI-0042,2024-08-21,0.10394060407461934
AOI-0042,2024-08-31,0.10045149335544759
AOI-0042,2024-09-15,0.11309261090319936
AOI-0042,2024-09-23,0.1306280814474558
AOI-0042,2024-09-25,0.12787814796994196
AOI-0042,2024-09-30,0.11477258918456634
AOI-0042,2024-10-01,0.15829244163960104
AOI-0042,2024-10-13,0.0970929735500636
AOI-0042,2024-10-30,0.1103508987027405
AOI-0047,2010-04-24,0.18968928709834346
AOI-0047,2010-05-09,0.3453253453673219
AOI-0047,2010-06-26,0.7733061259782612
AOI-0047,2010-07-21,0.7374852760006503
AOI-0047,2010-07-28,0.6470264748783908
AOI-0047,2011-05-25,0.7693583328017262
AOI-0047,2011-07-16,0.3065001621612852
AOI-0047,2011-08-13,0.2952567697630213
AOI-0047,2011-08-29,0.2890139139394965
AOI-0047,2012-07-02,0.39399460682493737
AOI-0047,2012-07-18,0.3334197907984171
AOI-0047,2012-09-29,0.2334148650940465
AOI-0047,2013-06-11,0.23212020955766194
AOI-0047,2013-07-21,0.303610193737916
AOI-0047,2014-06-30,0.3050225131447197
AOI-0047,2014-07-12,0.309160012654517
AOI-0047,2014-07-16,0.2485027951529432
AOI-0047,2015-06-01,0.8001820053775797
AOI-0047,2015-07-11,0.37968992390592693
AOI-0047,2015-09-14,0.2910263198836545
AOI-0047,2016-06-25,0.7650508158272681
AOI-0047,2016-08-28,0.4160776622415969
AOI-0047,2016-09-13,0.3733180837023198
AOI-0047,2016-10-09,0.2935528424342526
AOI-0047,2017-04-03,0.20194678738791633
AOI-0047,2017-04-07,0.39504267578498453
AOI-0047,2017-04-28,0.32305206345593823
AOI-0047,2017-07-28,0.2627494045055294
AOI-0047,2018-05-09,0.3570992364108147
AOI-0047,2018-06-09,0.24451125795330475
AOI-0047,2018-06-10,0.2584021643656436
AOI-0047,2018-06-15,0.1849493927142754
AOI-0047,2018-07-02,0.17501103105409438
AOI-0047,2018-07-28,0.3329237970016567
AOI-0047,2018-09-29,0.21335473862323784
AOI-0047,2018-10-07,0.19197506630797845
AOI-0047,2019-05-27,0.8843732182162988
AOI-0047,2019-05-28,0.8585791923614815
AOI-0047,2019-06-15,0.6074632026325574
AOI-0047,2019-06-30,0.25874971129944146
AOI-0047,2019-08-19,0.3601538990175886
AOI-0047,2019-08-29,0.27706201640797296
AOI-0047,2019-08-31,0.26129434061950907
AOI-0047,2019-09-14,0.33475011293132356
AOI-0047,2019-09-30,0.36886534716163777
AOI-0047,2019-10-13,0.4141350391623341
AOI-0047,2019-10-16,0.49062287347696754
AOI-0047,2020-04-06,0.3221926141078984
AOI-0047,2020-04-30,0.1799387364240045
AOI-0047,2020-06-04,0.2797697453950617
AOI-0047,2020-06-16,0.1912672975550732
AOI-0047,2020-07-16,0.13859449682608715
AOI-0047,2020-08-03,0.1632772043714869
AOI-0047,2020-08-08,0.16215100831275808
AOI-0047,2020-10-05,0.15989702866922262
AOI-0047,2020-10-20,0.23010408230768586
AOI-0047,2020-10-22,0.13825910379120104
AOI-0047,2021-05-16,0.8383006953809937
AOI-0047,2021-05-17,0.8071994212992863
AOI-0047,2021-05-20,0.8516338569854414
AOI-0047,2021-06-09,0.8429475656041496
AOI-0047,2021-07-11,0.27790830237745795
AOI-0047,2021-07-19,0.2110292349339109
AOI-0047,2021-08-30,0.23605101438899784
AOI-0047,2021-09-02,0.22978708715005863
AOI-0047,2021-09-07,0.40129223782021217
AOI-0047,2021-10-16,0.6572671366697835
AOI-0047,2022-04-05,0.22776721230255687
AOI-0047,2022-04-10,0.2924576631334749
AOI-0047,2022-05-30,0.1903739760119747
AOI-0047,2022-06-04,0.19416104752230495
AOI-0047,2022-06-08,0.2411632110589877
AOI-0047,2022-06-11,0.18488110810463648
AOI-0047,2022-06-19,0.1694176951138913
AOI-0047,2022-06-21,0.1655674465051904
AOI-0047,2022-07-14,0.15235932516561007
AOI-0047,2022-07-30,0.2352581377624387
AOI-0047,2022-08-07,0.20885518277648146
AOI-0047,2022-08-08,0.16707670700780425
AOI-0047,2022-08-10,0.1662354729622636
AOI-0047,2022-08-13,0.20348133032869997
AOI-0047,2022-08-30,0.14248341427963068
AOI-0047,2022-09-01,0.1713039585531965
AOI-0047,2022-10-18,0.37926069841667076
AOI-0047,2023-06-16,0.7389807157835055
AOI-0047,2023-07-17,0.23563491525992605
AOI-0047,2023-07-25,0.24906948212310376
AOI-0047,2023-07-26,0.17381093318999474
AOI-0047,2023-08-05,0.17231439869628418
AOI-0047,2023-08-15,0.17223510292692834
AOI-0047,2023-09-17,0.17362777000322754
AOI-0047,2023-09-22,0.1744358367840525
AOI-0047,2023-09-27,0.175858458428993
AOI-0047,2023-10-04,0.1660725737689189
AOI-0047,2023-10-22,0.1904517098739129
AOI-0047,2024-04-29,0.27214147569920377
AOI-0047,2024-05-04,0.22600012802199482
AOI-0047,2024-05-24,0.2670252443586369
AOI-0047,2024-06-10,0.25216864932123734
AOI-0047,2024-06-25,0.2657500079492393
AOI-0047,2024-07-30,0.23859141908003412
AOI-0047,2024-09-11,0.18581696553285432
AOI-0047,2024-10-08,0.16312576874168272
AOI-0047,2024-10-13,0.1316885671141816
AOI-0047,2024-10-15,0.2396873084179813
AOI-0049,2010-08-04,0.5335181060728807
AOI-0049,2010-08-28,0.21885928095800786
AOI-0049,2010-09-05,0.16124597152406128
AOI-0049,2010-09-30,0.2960753553761537
AOI-0049,2011-04-26,0.5749746541278048
AOI-0049,2011-05-25,0.8428448464205409
AOI-0049,2011-05-27,0.8472138907340375
AOI-0049,2011-06-12,0.7721279284767445
AOI-0049,2011-07-12,0.3653104564457502
AOI-0049,2011-09-08,0.18420223053305873
AOI-0049,2011-09-24,0.16612655622434774
AOI-0049,2011-10-11,0.242282392773491
AOI-0049,2011-10-27,0.27774033088204764
AOI-0049,2012-05-06,0.2107045427638766
AOI-0049,2012-05-08,0.4091356734656543
AOI-0049,2012-09-18,0.2551836697467419
AOI-0049,2012-10-15,0.3133814026268694
AOI-0049,2013-05-25,0.4475241195048828
AOI-0049,2013-06-17,0.5133021869193398
AOI-0049,2013-07-11,0.7725734707610377
AOI-0049,2013-08-05,0.6779425393320597
AOI-0049,2013-08-20,0.4057871489484556
AOI-0049,2013-09-30,0.28888417909927405
AOI-0049,2013-10-24,0.2957992349965247
AOI-0049,2014-04-18,0.7667019037195781
AOI-0049,2014-05-09,0.803492831161309
AOI-0049,2014-07-12,0.3272109392393517
AOI-0049,2014-09-16,0.24878314167066784
AOI-0049,2015-04-13,0.20529180726414542
AOI-0049,2015-05-22,0.29916264647315405
AOI-0049,2015-07-12,0.7666462076954171
AOI-0049,2015-07-25,0.7476542213882472
AOI-0049,2015-07-28,0.6634122739289425
AOI-0049,2015-09-30,0.21621051891951465
AOI-0049,2015-10-30,0.1821191250349568
AOI-0049,2016-04-22,0.8640043186681357
AOI-0049,2016-08-28,0.25977508757541456
AOI-0049,2016-09-14,0.2777126183136931
AOI-0049,2016-09-29,0.5056474591193413
AOI-0049,2017-06-21,0.844288898399214
AOI-0049,2017-07-14,0.7770787534749957
AOI-0049,2017-08-13,0.4281457663521462
AOI-0049,2017-09-13,0.2569132071862038
AOI-0049,2017-09-17,0.2837587584472786
AOI-0049,2018-05-09,0.8138264133452422
AOI-0049,2018-06-16,0.3333217973955296
AOI-0049,2018-06-24,0.22825491450487068
AOI-0049,2018-07-10,0.16822688793361168
AOI-0049,2018-08-02,0.18324293365178318
AOI-0049,2018-08-10,0.19167505410987473
AOI-0049,2018-08-27,0.15852815628663136
AOI-0049,2018-09-18,0.1476189088224141
AOI-0049,2018-10-06,0.19108835509609756
AOI-0049,2019-04-21,0.2098345479430988
AOI-0049,2019-07-12,0.6843569407395091
AOI-0049,2019-09-03,0.26377529911198727
AOI-0049,2019-09-23,0.16171090020200296
AOI-0049,2020-04-02,0.4971641656258583
AOI-0049,2020-04-18,0.6585411154343522
AOI-0049,2020-04-25,0.7573196919988039
AOI-0049,2020-04-26,0.743917918956028
AOI-0049,2020-05-11,0.8315419864039809
AOI-0049,2020-05-28,0.8219857879407613
AOI-0049,2020-06-05,0.8331727397277366
AOI-0049,2020-07-15,0.21568861117858135
AOI-0049,2020-07-31,0.14375395967545318
AOI-0049,2020-08-13,0.12728103950844824
AOI-0049,2020-08-15,0.15399645511896803
AOI-0049,2020-08-31,0.1971597061796857
AOI-0049,2020-09-02,0.15360996649820702
AOI-0049,2020-09-13,0.23498868686093416
AOI-0049,2020-09-27,0.13527714441267474
AOI-0049,2020-10-07,0.1546571232646427
AOI-0049,2021-04-23,0.4321939867108448
AOI-0049,2021-06-09,0.5518122098692346
AOI-0049,2021-07-18,0.7772975167518849
AOI-0049,2021-07-19,0.7987195502891508
AOI-0049,2021-07-24,0.7969911986493794
AOI-0049,2021-08-08,0.6835634074803786
AOI-0049,2021-09-27,0.18716352771173206
AOI-0049,2021-09-28,0.25512654596129264
AOI-0049,2022-06-24,0.4124641737365211
AOI-0049,2022-07-13,0.2306789826304973
AOI-0049,2022-08-28,0.15248332744994286
AOI-0049,2022-08-30,0.17411007886986635
AOI-0049,2022-09-06,0.17536073271798264
AOI-0049,2022-09-14,0.20992852519145339
AOI-0049,2022-10-08,0.2346135198249153
AOI-0049,2023-06-22,0.5074051160468691
AOI-0049,2023-06-23,0.4781770596707512
AOI-0049,2023-07-15,0.26645357953930965
AOI-0049,2023-07-23,0.22090722274890806
AOI-0049,2023-08-08,0.2707129228280233
AOI-0049,2023-08-24,0.4064062877472209
AOI-0049,2023-09-12,0.23770253802829824
AOI-0049,2023-09-14,0.2696251171122148
AOI-0049,2023-09-22,0.21185091860881922
AOI-0049,2023-10-02,0.1833658914004391
AOI-0049,2024-06-23,0.6100359567136405
AOI-0049,2024-08-17,0.37258767801738424
AOI-0049,2024-08-28,0.273195435159673
AOI-0049,2024-09-16,0.1772677658031252
AOI-0049,2024-09-29,0.22306939327853148
AOI-0049,2024-10-01,0.1638552928670809
AOI-0054,2010-07-19,0.7497937298832303
AOI-0054,2010-09-06,0.6111830560279906
AOI-0054,2010-09-30,0.5564391142824213
AOI-0054,2011-04-07,0.43008520027768904
AOI-0054,2011-05-09,0.7516081999090622
AOI-0054,2011-05-25,0.8278816950183054
AOI-0054,2011-05-27,0.7952423950894201
AOI-0054,2011-06-10,0.779390168320808
AOI-0054,2011-06-20,0.784515814214108
AOI-0054,2011-08-23,0.7239077598769493
AOI-0054,2011-10-16,0.6337432195964743
AOI-0054,2012-07-09,0.7978106922766193
AOI-0054,2012-07-16,0.7477281505810662
AOI-0054,2012-08-26,0.6785567690108584
AOI-0054,2012-09-29,0.6424362087539142
AOI-0054,2012-10-20,0.6442807881236324
AOI-0054,2013-08-21,0.7336921353271432
AOI-0054,2014-04-07,0.5865497866516564
AOI-0054,2014-05-09,0.826483298926711
AOI-0054,2014-06-28,0.7777132397405175
AOI-0054,2014-07-28,0.691069545082839
AOI-0054,2014-08-07,0.7307109150620046
AOI-0054,2014-08-08,0.7607882637164153
AOI-0054,2014-08-13,0.6301919454971112
AOI-0054,2014-08-15,0.7331924957571623
AOI-0054,2014-10-11,0.6677094995179319
AOI-0054,2015-07-25,0.7628617159083795
AOI-0054,2015-08-26,0.7331498114059946
AOI-0054,2015-08-27,0.7881360254910037
AOI-0054,2015-08-29,0.668099177361591
AOI-0054,2015-09-20,0.665655178789134
AOI-0054,2015-10-06,0.5525310144940117
AOI-0054,2016-04-30,0.7555083338530999
AOI-0054,2016-07-03,0.8100870796894108
AOI-0054,2016-08-29,0.8049604219785419
AOI-0054,2016-09-29,0.6931730487316665
AOI-0054,2017-05-03,0.7435892378364102
AOI-0054,2017-05-11,0.8026167482175712
AOI-0054,2017-05-19,0.8229766147909741
AOI-0054,2017-05-27,0.8358791710334483
AOI-0054,2017-06-10,0.8157703936633147
AOI-0054,2017-07-06,0.830688163145358
AOI-0054,2017-09-01,0.5622248072652438
AOI-0054,2017-09-18,0.7196004673629437
AOI-0054,2017-09-24,0.6674600389581337
AOI-0054,2017-10-11,0.646532041501999
AOI-0054,2018-04-04,0.3489635525459398
AOI-0054,2018-04-21,0.5785737477319364
AOI-0054,2018-04-28,0.6993732798691313
AOI-0054,2018-04-29,0.7438733264932567
AOI-0054,2018-05-01,0.7511574592264578
AOI-0054,2018-05-11,0.7910138427239077
AOI-0054,2018-06-15,0.8169534001465619
AOI-0054,2018-06-16,0.8077100701123108
AOI-0054,2018-07-09,0.7372858103451505
AOI-0054,2018-09-12,0.6647188106855544
AOI-0054,2018-10-13,0.705650762855216
AOI-0054,2018-10-29,0.5974786700625974
AOI-0054,2019-04-07,0.5891265300052759
AOI-0054,2019-05-25,0.8191517178384684
AOI-0054,2019-05-31,0.8763146464001567
AOI-0054,2019-06-15,0.8919660464280253
AOI-0054,2019-06-18,0.8186167302194898
AOI-0054,2019-06-27,0.7799042956322941
AOI-0054,2019-07-04,0.7694983802001016
AOI-0054,2019-07-05,0.8414883814560215
AOI-0054,2019-07-12,0.7777022710793338
AOI-0054,2019-07-28,0.7813855089284456
AOI-0054,2019-07-29,0.7969536084628115
AOI-0054,2019-08-14,0.825938532112265
AOI-0054,2019-08-29,0.7374332748507453
AOI-0054,2019-08-30,0.7594240569726121
AOI-0054,2019-09-15,0.659812272278749
AOI-0054,2019-10-09,0.6825828151423476
AOI-0054,2020-04-02,0.47177239540726323
AOI-0054,2020-04-09,0.5156615671148084
AOI-0054,2020-04-10,0.5483839157772573
AOI-0054,2020-04-22,0.6638258052461379
AOI-0054,2020-04-30,0.6649336057571242
AOI-0054,2020-05-11,0.7918735144612703
AOI-0054,2020-05-30,0.7588027324382829
AOI-0054,2020-06-28,0.7807012287828721
AOI-0054,2020-08-03,0.798118012705699
AOI-0054,2020-09-07,0.7256514973493589
AOI-0054,2020-09-09,0.7623941199280582
AOI-0054,2020-10-17,0.4300130518123928
AOI-0054,2020-10-27,0.47215580084424097
AOI-0054,2021-04-29,0.7028672507700547
AOI-0054,2021-05-09,0.7810548882196408
AOI-0054,2021-05-20,0.778770882093282
AOI-0054,2021-06-16,0.8270737787943072
AOI-0054,2021-07-02,0.8325091284050096
AOI-0054,2021-07-18,0.78973979987391
AOI-0054,2021-07-24,0.7934320597272654
AOI-0054,2021-09-07,0.8080890535622972
AOI-0054,2021-10-16,0.6084580332644313
AOI-0054,2021-10-22,0.6265768362178803
AOI-0054,2021-10-30,0.6195239493199456
AOI-0054,2022-06-03,0.8752098221591071
AOI-0054,2022-06-10,0.8369198320188089
AOI-0054,2022-06-26,0.7927415067069357
AOI-0054,2022-07-12,0.7367048489189193
AOI-0054,2022-07-29,0.7773028174622592
AOI-0054,2022-08-06,0.7753504012432482
AOI-0054,2022-08-18,0.728624479618647
AOI-0054,2022-08-29,0.6535112310009861
AOI-0054,2023-04-07,0.6968701481340194
AOI-0054,2023-04-23,0.7672875644653594
AOI-0054,2023-05-28,0.8062037443270812
AOI-0054,2023-06-10,0.8051872090529523
AOI-0054,2023-06-22,0.8445946636937749
AOI-0054,2023-07-07,0.7519736674706864
AOI-0054,2023-09-07,0.7124714570897839
AOI-0054,2023-10-11,0.7107031115862346
AOI-0054,2024-04-04,0.549786502294539
AOI-0054,2024-05-07,0.8049053911272861
AOI-0054,2024-05-08,0.8216484975596643
AOI-0054,2024-05-22,0.8301734326302844
AOI-0054,2024-05-23,0.855704742637962
AOI-0054,2024-06-24,0.8051663195913725
AOI-0054,2024-07-13,0.815090170738161
AOI-0054,2024-07-18,0.8079462133297007
AOI-0054,2024-08-18,0.7958122098711533
AOI-0054,2024-09-16,0.7232865115746827
AOI-0054,2024-09-21,0.7623264292619372
AOI-0054,2024-09-29,0.6274429276910938
AOI-0054,2024-10-05,0.6897588477567829
AOI-0054,2024-10-30,0.6579228059235902
AOI-0057,2010-04-15,0.20336562383353574
AOI-0057,2010-04-30,0.21497616831563296
AOI-0057,2010-05-01,0.22990643535460675
AOI-0057,2010-05-08,0.2540136761548182
AOI-0057,2010-06-10,0.7129227241370251
AOI-0057,2010-07-27,0.6283091026433831
AOI-0057,2010-08-05,0.5871003748903975
AOI-0057,2010-09-14,0.3319949270202322
AOI-0057,2011-05-25,0.900146193347981
AOI-0057,2011-06-10,0.7669421043593996
AOI-0057,2011-06-13,0.8343731604952256
AOI-0057,2011-07-07,0.2903821442721882
AOI-0057,2011-08-08,0.4216973951100741
AOI-0057,2011-09-16,0.204465908920075
AOI-0057,2011-10-11,0.2208946530349139
AOI-0057,2012-07-16,0.8485222432246807
AOI-0057,2012-09-18,0.19823026420938422
AOI-0057,2013-04-07,0.7548460876301506
AOI-0057,2013-09-14,0.2823466819918131
AOI-0057,2013-09-22,0.25757820795418396
AOI-0057,2014-04-17,0.3854248020470398
AOI-0057,2014-04-18,0.40276727650559985
AOI-0057,2014-04-25,0.5533076172398131
AOI-0057,2014-05-09,0.8286077088329109
AOI-0057,2014-06-05,0.8430731277080087
AOI-0057,2014-07-15,0.2716854851363315
AOI-0057,2014-07-23,0.3269501562478082
AOI-0057,2014-08-16,0.20603023266873405
AOI-0057,2014-08-23,0.2055280881870964
AOI-0057,2014-10-02,0.1955533293825378
AOI-0057,2014-10-11,0.2015952051575424
AOI-0057,2014-10-16,0.2502076918753417
AOI-0057,2015-05-25,0.8615368690919616
AOI-0057,2015-10-30,0.208563449806029
AOI-0057,2016-05-08,0.8916287445067286
AOI-0057,2016-06-26,0.4093603870700375
AOI-0057,2016-07-28,0.31185360297073683
AOI-0057,2016-08-12,0.44125501502206177
AOI-0057,2017-05-04,0.3462612723017475
AOI-0057,2017-05-06,0.3101801209166334
AOI-0057,2017-06-10,0.8014545207000132
AOI-0057,2017-07-30,0.8268760405642177
AOI-0057,2017-08-08,0.7767116309947804
AOI-0057,2017-09-01,0.5116711884379773
AOI-0057,2017-09-14,0.4040236161940125
AOI-0057,2017-09-17,0.42329789921684613
AOI-0057,2017-09-25,0.3199525993998457
AOI-0057,2018-04-11,0.6156929646503253
AOI-0057,2018-05-06,0.8630227695351707
AOI-0057,2018-07-18,0.2508352699499619
AOI-0057,2018-08-02,0.2600293454164466
AOI-0057,2018-08-19,0.22389635068031985
AOI-0057,2018-08-26,0.21256834470813352
AOI-0057,2018-10-29,0.21231644764505525
AOI-0057,2019-04-11,0.16883987553659213
AOI-0057,2019-04-21,0.21545181567678384
AOI-0057,2019-05-01,0.34314537449456695
AOI-0057,2019-05-02,0.4476327985044742
AOI-0057,2019-05-06,0.37311657571450435
AOI-0057,2019-07-05,0.7902262316716016
AOI-0057,2019-07-20,0.5991929432982437
AOI-0057,2019-08-05,0.3765231470779987
AOI-0057,2019-08-21,0.20097188399883115
AOI-0057,2019-08-24,0.17392762912631549
AOI-0057,2019-09-23,0.13760719949478295
AOI-0057,2019-10-13,0.1696359492325265
AOI-0057,2019-10-25,0.18481140258428103
AOI-0057,2020-04-17,0.2097749763137628
AOI-0057,2020-08-15,0.15919006954733445
AOI-0057,2020-08-23,0.14240113316961722
AOI-0057,2020-09-09,0.18700609646316269
AOI-0057,2020-09-13,0.22999062515273175
AOI-0057,2020-09-25,0.193955390983997
AOI-0057,2020-09-27,0.13341696997626065
AOI-0057,2020-09-29,0.2106556876837813
AOI-0057,2020-10-03,0.1425159496828444
AOI-0057,2021-04-15,0.525572944651217
AOI-0057,2021-06-19,0.8203393377627388
AOI-0057,2021-08-13,0.3491578491613898
AOI-0057,2021-09-04,0.4047617391290588
AOI-0057,2022-05-27,0.5782555401618152
AOI-0057,2022-06-26,0.28911451706793123
AOI-0057,2022-06-29,0.16513654625183474
AOI-0057,2022-07-09,0.1742552614063263
AOI-0057,2022-07-12,0.2969935765265246
AOI-0057,2022-07-28,0.2831951954996233
AOI-0057,2022-08-03,0.16538592731565135
AOI-0057,2022-08-13,0.17205388959496237
AOI-0057,2022-08-18,0.17132451426846523
AOI-0057,2022-09-14,0.2036273066160073
AOI-0057,2022-10-17,0.21624923535546065
AOI-0057,2023-04-26,0.8983199845936267
AOI-0057,2023-05-04,0.8860913041830465
AOI-0057,2023-06-26,0.3921379563493613
AOI-0057,2023-07-12,0.45665750823995177
AOI-0057,2023-07-15,0.3625040136619043
AOI-0057,2023-08-23,0.44824520688116054
AOI-0057,2023-09-10,0.2763171557851323
AOI-0057,2024-05-04,0.4714714692250628
AOI-0057,2024-05-06,0.4977173740183577
AOI-0057,2024-05-07,0.5305372055091602
AOI-0057,2024-05-22,0.6584382976471258
AOI-0057,2024-06-08,0.7832925730692231
AOI-0057,2024-06-16,0.7506006883526737
AOI-0057,2024-06-24,0.7067983584453393
AOI-0057,2024-07-18,0.42730090267636633
AOI-0057,2024-07-28,0.3897186736007896
AOI-0057,2024-09-13,0.22145859823133784
AOI-0066,2010-07-13,0.6661316459205526
AOI-0066,2011-05-25,0.8693477764431744
AOI-0066,2012-04-13,0.513079930865715
AOI-0066,2012-07-11,0.3280812071831093
AOI-0066,2012-07-27,0.30836334336548477
AOI-0066,2012-09-20,0.18243670832226075
AOI-0066,2012-10-06,0.3642794325887802
AOI-0066,2012-10-22,0.40613808492821357
AOI-0066,2013-05-09,0.453687896721677
AOI-0066,2013-05-25,0.5433975912463572
AOI-0066,2013-06-19,0.6177417952314437
AOI-0066,2013-09-23,0.18748906831578704
AOI-0066,2013-10-09,0.22517504050660536
AOI-0066,2014-04-03,0.6065498155547455
AOI-0066,2014-10-04,0.3903336802923818
AOI-0066,2015-04-06,0.799184851135081
AOI-0066,2015-06-01,0.8646211270992437
AOI-0066,2015-07-27,0.3270522444158612
AOI-0066,2015-07-28,0.36904199998169906
AOI-0066,2015-09-29,0.18504870343718888
AOI-0066,2016-05-08,0.859201019285253
AOI-0066,2016-06-03,0.8786382266148125
AOI-0066,2016-06-19,0.5033342957737579
AOI-0066,2016-06-27,0.3196313180193417
AOI-0066,2016-07-11,0.35635612056860555
AOI-0066,2016-08-12,0.3562305619590103
AOI-0066,2016-08-22,0.2691798930065082
AOI-0066,2017-05-09,0.8764657893750479
AOI-0066,2017-06-10,0.8162583287636297
AOI-0066,2017-08-13,0.2634831248483751
AOI-0066,2017-08-21,0.12869844611262996
AOI-0066,2018-05-09,0.5950108206613631
AOI-0066,2018-06-01,0.7936813767594977
AOI-0066,2018-07-02,0.8127950234856058
AOI-0066,2018-09-05,0.177064757102387
AOI-0066,2018-10-08,0.19686482447931702
AOI-0066,2018-10-13,0.21069232667979038
AOI-0066,2019-04-07,0.7453595443533721
AOI-0066,2019-04-28,0.8009554583766738
AOI-0066,2019-05-11,0.7520955731578928
AOI-0066,2019-06-20,0.3136601283986906
AOI-0066,2019-07-02,0.18026357707595
AOI-0066,2019-07-14,0.24759068608692886
AOI-0066,2019-08-11,0.15928211248439533
AOI-0066,2019-08-29,0.16133295201082848
AOI-0066,2019-10-15,0.5541329896997963
AOI-0066,2019-10-18,0.5763019773238989
AOI-0066,2020-05-08,0.7105367617501481
AOI-0066,2020-05-24,0.6929357859274896
AOI-0066,2020-05-30,0.6335541045413657
AOI-0066,2020-06-11,0.4850421384556758
AOI-0066,2020-07-11,0.22547826125657125
AOI-0066,2020-07-27,0.331600059936
AOI-0066,2020-08-09,0.20477926055816742
AOI-0066,2020-08-15,0.15568686947673066
AOI-0066,2020-09-07,0.14741830708225984
AOI-0066,2021-05-12,0.20097871618415136
AOI-0066,2021-08-05,0.6937478117086429
AOI-0066,2021-08-20,0.3791858017627961
AOI-0066,2021-08-23,0.351140615582643
AOI-0066,2021-09-27,0.172836488511833
AOI-0066,2021-10-16,0.3130614956230089
AOI-0066,2021-10-27,0.1999047862061926
AOI-0066,2022-04-23,0.7998757790612627
AOI-0066,2022-04-25,0.7815801729673291
AOI-0066,2022-05-30,0.8796717006971994
AOI-0066,2022-06-04,0.849134558651483
AOI-0066,2022-07-12,0.25932570666944516
AOI-0066,2022-07-21,0.1611693560940654
AOI-0066,2022-07-22,0.2297484624419912
AOI-0066,2022-08-23,0.1738566911774626
AOI-0066,2022-09-08,0.20276887433254154
AOI-0066,2022-09-09,0.15824974413682907
AOI-0066,2022-09-18,0.14979138440401846
AOI-0066,2022-09-27,0.1740718621066552
AOI-0066,2022-09-29,0.1600578265642069
AOI-0066,2022-10-02,0.1545841033086175
AOI-0066,2022-10-07,0.18636069958875714
AOI-0066,2022-10-18,0.24846356757150695
AOI-0066,2022-10-22,0.1780014321442234
AOI-0066,2023-04-04,0.26620322920623357
AOI-0066,2023-04-07,0.5003902764695263
AOI-0066,2023-05-15,0.8530748323844582
AOI-0066,2023-06-07,0.8424976307255596
AOI-0066,2023-06-10,0.7608103196015399
AOI-0066,2023-06-11,0.8211564232537332
AOI-0066,2023-06-26,0.3680032718996588
AOI-0066,2023-07-04,0.2175980552184542
AOI-0066,2023-07-26,0.3391135624538866
AOI-0066,2023-08-08,0.21446224257481689
AOI-0066,2023-08-10,0.2382254828322258
AOI-0066,2023-08-13,0.22749336441018825
AOI-0066,2023-08-23,0.1591635294355946
AOI-0066,2023-09-07,0.15931627282162258
AOI-0066,2023-09-30,0.27321470679481175
AOI-0066,2023-10-13,0.22991540406885524
AOI-0066,2023-10-16,0.3029239649141006
AOI-0066,2024-04-06,0.8101441890268883
AOI-0066,2024-05-21,0.8725786417504103
AOI-0066,2024-06-17,0.5439678533097114
AOI-0066,2024-06-23,0.285552388676375
AOI-0066,2024-06-28,0.2099871260266542
AOI-0066,2024-07-05,0.13377462961243394
AOI-0066,2024-07-19,0.20664930685125446
AOI-0066,2024-08-09,0.1432095294962051
AOI-0066,2024-09-26,0.1554362579341514
AOI-0072,2010-04-07,0.34033783173348214
AOI-0072,2010-08-13,0.2891995253953939
AOI-0072,2010-08-15,0.15916952818882815
AOI-0072,2010-08-23,0.20053973684382476
AOI-0072,2010-08-30,0.2099084652980126
AOI-0072,2011-04-07,0.3229601902948947
AOI-0072,2011-05-05,0.2660523484747532
AOI-0072,2011-07-12,0.2631881282924087
AOI-0072,2011-07-24,0.1517211244356098
AOI-0072,2011-08-01,0.1878678829224483
AOI-0072,2011-09-03,0.1761131338249378
AOI-0072,2012-04-06,0.6713815965241694
AOI-0072,2012-10-15,0.1387958502764696
AOI-0072,2013-04-16,0.15660787175614727
AOI-0072,2013-05-02,0.19941467701195448
AOI-0072,2013-05-19,0.22788838905222175
AOI-0072,2013-07-29,0.218864536524147
AOI-0072,2013-10-16,0.3136522326175693
AOI-0072,2014-04-23,0.7382580640539078
AOI-0072,2014-06-30,0.27940861484039076
AOI-0072,2014-07-17,0.22938228671923605
AOI-0072,2014-07-24,0.2380080163291582
AOI-0072,2014-08-17,0.23519195133847326
AOI-0072,2014-08-29,0.30360836947881553
AOI-0072,2014-09-03,0.23024598378619043
AOI-0072,2014-09-26,0.2690032899576871
AOI-0072,2014-10-28,0.17680173562861884
AOI-0072,2014-10-29,0.24124591719321653
AOI-0072,2015-04-07,0.2763420433328614
AOI-0072,2015-04-23,0.3183941921993042
AOI-0072,2015-08-04,0.18118773855480896
AOI-0072,2016-04-06,0.8192251096080638
AOI-0072,2016-04-09,0.8074545726123092
AOI-0072,2016-04-17,0.8450579732090091
AOI-0072,2016-05-26,0.7500423463443121
AOI-0072,2016-06-27,0.2516180552308346
AOI-0072,2016-07-13,0.20263905794532885
AOI-0072,2016-08-22,0.2859475268267917
AOI-0072,2016-09-29,0.3315562137888507
AOI-0072,2017-04-03,0.15218939617602828
AOI-0072,2017-04-23,0.31431187930400173
AOI-0072,2017-05-29,0.21773000407919024
AOI-0072,2017-05-30,0.2042507461460512
AOI-0072,2017-07-12,0.22815199052961055
AOI-0072,2017-07-24,0.19908073784032526
AOI-0072,2017-07-25,0.15235682032966205
AOI-0072,2017-08-06,0.14087801881625456
AOI-0072,2017-08-29,0.255779265434935
AOI-0072,2017-09-03,0.19867681096643744
AOI-0072,2017-09-20,0.32268800787366775
AOI-0072,2017-09-26,0.42922572663577563
AOI-0072,2017-10-12,0.5757233011456955
AOI-0072,2018-04-07,0.5710543815972046
AOI-0072,2018-04-15,0.5797891695819398
AOI-0072,2018-05-01,0.7725640601504036
AOI-0072,2018-05-03,0.7704148109965308
AOI-0072,2018-06-07,0.40315907447776933
AOI-0072,2018-08-05,0.2053579314038892
AOI-0072,2018-08-28,0.18433023915763094
AOI-0072,2018-09-06,0.1990994745601555
AOI-0072,2018-09-22,0.18376566241908235
AOI-0072,2019-04-25,0.20544190820012764
AOI-0072,2019-04-26,0.19029595121137785
AOI-0072,2019-05-04,0.2392398472759455
AOI-0072,2019-05-28,0.1579206376931891
AOI-0072,2019-06-12,0.1424612753188636
AOI-0072,2019-07-14,0.1823513478052442
AOI-0072,2019-07-17,0.1118757246608969
AOI-0072,2019-08-06,0.1183341899750083
AOI-0072,2019-08-16,0.1483092878751442
AOI-0072,2019-09-09,0.21097828798812215
AOI-0072,2019-09-14,0.29008315847165334
AOI-0072,2019-09-17,0.20925407133045604
AOI-0072,2019-09-30,0.4075149050559398
AOI-0072,2019-10-15,0.6472517846639524
AOI-0072,2019-10-20,0.7156176388665361
AOI-0072,2019-10-27,0.6969856230645755
AOI-0072,2020-04-06,0.6551002812670468
AOI-0072,2020-04-27,0.7146787202510901
AOI-0072,2020-05-08,0.7580229202400361
AOI-0072,2020-05-24,0.6918535154551049
AOI-0072,2020-06-30,0.2575151342115757
AOI-0072,2020-09-19,0.1059080835148459
AOI-0072,2020-09-24,0.13780490753050795
AOI-0072,2020-09-26,0.1337125369992076
AOI-0072,2020-10-05,0.1316306676962133
AOI-0072,2020-10-14,0.13505856220132012
AOI-0072,2020-10-21,0.14839514312104857
AOI-0072,2021-04-22,0.1418775382906317
AOI-0072,2021-07-11,0.18194370507706614
AOI-0072,2021-08-29,0.34038147147229547
AOI-0072,2022-04-10,0.18783948047933335
AOI-0072,2022-04-26,0.22015736674798386
AOI-0072,2022-06-29,0.1593058385628161
AOI-0072,2022-07-15,0.18313789051649576
AOI-0072,2022-08-23,0.16958908172707982
AOI-0072,2022-08-27,0.18151185894665478
AOI-0072,2023-04-29,0.8052160823033458
AOI-0072,2023-06-25,0.2917234924722367
AOI-0072,2023-07-21,0.172988069412077
AOI-0072,2023-07-22,0.22667852785181555
AOI-0072,2023-07-26,0.16574465718687853
AOI-0072,2023-08-02,0.237185225419897
AOI-0072,2023-08-03,0.2137016527714356
AOI-0072,2023-08-05,0.18452185409050015
AOI-0072,2023-08-13,0.24177949567478474
AOI-0072,2023-08-23,0.2385451681726412
AOI-0072,2023-09-19,0.22931272497576877
AOI-0072,2023-10-29,0.2340489078150669
AOI-0072,2024-04-01,0.161017067852051
AOI-0072,2024-05-09,0.2080153497094213
AOI-0072,2024-05-21,0.16078948670401985
AOI-0072,2024-06-09,0.2525215899603698
AOI-0072,2024-06-30,0.1343559824548958
AOI-0072,2024-07-11,0.1980206312139346
AOI-0072,2024-07-25,0.12661265910966907
AOI-0072,2024-08-20,0.1825534338434744
AOI-0072,2024-09-08,0.14899302774552708
AOI-0072,2024-09-22,0.195625029964398
AOI-0072,2024-09-30,0.15863888009654298
AOI-0078,2010-04-15,0.18845981649222143
AOI-0078,2010-05-01,0.2838249665831706
AOI-0078,2010-06-09,0.6546871372812055
AOI-0078,2010-07-04,0.44560791755411455
AOI-0078,2011-04-01,0.1713328539230708
AOI-0078,2011-07-06,0.7310905620966002
AOI-0078,2011-08-08,0.6875664220402202
AOI-0078,2011-08-13,0.5907373092933361
AOI-0078,2011-09-14,0.5055724727001834
AOI-0078,2011-09-17,0.3936092657909946
AOI-0078,2011-09-24,0.3655006897440769
AOI-0078,2012-06-07,0.6777437749102428
AOI-0078,2012-09-27,0.29653234116085114
AOI-0078,2012-10-04,0.2583580775441851
AOI-0078,2013-04-03,0.23057938514121404
AOI-0078,2013-07-11,0.37357049581053303
AOI-0078,2013-07-28,0.5133413384742599
AOI-0078,2013-08-29,0.4441360964885619
AOI-0078,2013-10-16,0.3724650307640243
AOI-0078,2014-06-26,0.8179429966805107
AOI-0078,2014-07-31,0.6854216644798934
AOI-0078,2015-07-01,0.4613548478869455
AOI-0078,2015-09-11,0.21661598704634066
AOI-0078,2016-04-22,0.41415702244780084
AOI-0078,2016-07-04,0.8391549412624049
AOI-0078,2016-09-22,0.7583931395950714
AOI-0078,2016-10-24,0.39008551324274643
AOI-0078,2017-04-29,0.21667154965848878
AOI-0078,2017-05-03,0.260983917000023
AOI-0078,2017-05-06,0.2020538730247759
AOI-0078,2017-05-09,0.4550394999905275
AOI-0078,2017-09-30,0.31305332082763193
AOI-0078,2018-06-07,0.7666744519430699
AOI-0078,2018-06-18,0.5827886013469148
AOI-0078,2018-07-10,0.31664654173607737
AOI-0078,2018-08-10,0.38568341017456387
AOI-0078,2018-09-12,0.2129967835997317
AOI-0078,2018-09-28,0.2083982456658403
AOI-0078,2018-10-01,0.2267850585295013
AOI-0078,2018-10-14,0.2080108686149649
AOI-0078,2019-04-07,0.323201197955173
AOI-0078,2019-04-23,0.3229857310530936
AOI-0078,2019-05-06,0.23060015172833165
AOI-0078,2019-05-16,0.2556489932085153
AOI-0078,2019-05-24,0.35004753194353955
AOI-0078,2019-06-02,0.5197071110105789
AOI-0078,2019-06-10,0.6618460370972707
AOI-0078,2019-06-13,0.6303045404220775
AOI-0078,2019-06-25,0.6599692309261846
AOI-0078,2019-07-04,0.6300535756068115
AOI-0078,2019-07-23,0.6788499486259432
AOI-0078,2019-07-28,0.7285884264364636
AOI-0078,2019-08-07,0.8567157367111415
AOI-0078,2019-08-09,0.814605430044119
AOI-0078,2019-08-21,0.84395697941684
AOI-0078,2019-08-29,0.8289581383189962
AOI-0078,2019-09-13,0.7864935518670635
AOI-0078,2019-09-28,0.4104330008752915
AOI-0078,2019-10-16,0.4204532756621836
AOI-0078,2020-04-05,0.15719863017679708
AOI-0078,2020-04-06,0.39934105325353986
AOI-0078,2020-04-23,0.39470902312905176
AOI-0078,2020-05-19,0.8188069341611953
AOI-0078,2020-06-12,0.8675469772051291
AOI-0078,2020-06-28,0.3374070221541903
AOI-0078,2020-07-24,0.1606915624572555
AOI-0078,2020-08-06,0.20337838608438813
AOI-0078,2020-08-08,0.16791763211922145
AOI-0078,2020-08-12,0.3530501219424443
AOI-0078,2020-09-08,0.17993922701256435
AOI-0078,2020-09-15,0.14361967721629745
AOI-0078,2020-09-24,0.14670150433977175
AOI-0078,2020-09-25,0.16435170366146615
AOI-0078,2020-10-15,0.21036333534625015
AOI-0078,2020-10-22,0.09172181487626345
AOI-0078,2020-10-26,0.14401795998149
AOI-0078,2021-04-10,0.10094759431407149
AOI-0078,2021-05-14,0.27348348622618024
AOI-0078,2021-05-15,0.22878597067490336
AOI-0078,2021-05-25,0.5777776201972373
AOI-0078,2021-06-17,0.8045216118128937
AOI-0078,2021-06-22,0.7492764449381715
AOI-0078,2021-06-23,0.7680381284179103
AOI-0078,2021-06-26,0.7023215812779786
AOI-0078,2021-07-09,0.7196739186256261
AOI-0078,2021-08-01,0.5289262996362107
AOI-0078,2021-08-21,0.512228637468082
AOI-0078,2021-08-29,0.5868950464807507
AOI-0078,2021-09-03,0.5863647589249216
AOI-0078,2021-09-15,0.5320050184487919
AOI-0078,2021-10-27,0.2559817765277894
AOI-0078,2021-10-30,0.2889919815477353
AOI-0078,2022-04-07,0.41604805131961387
AOI-0078,2022-05-03,0.6579677628367087
AOI-0078,2022-06-19,0.749609731173158
AOI-0078,2022-06-27,0.5373556293167593
AOI-0078,2022-07-17,0.23357543215402815
AOI-0078,2022-07-24,0.17449905523009485
AOI-0078,2022-08-01,0.1378664444975792
AOI-0078,2022-09-17,0.21138602913932505
AOI-0078,2022-09-20,0.27794313822739336
AOI-0078,2022-10-01,0.3577137569170492
AOI-0078,2022-10-08,0.41040480194601325
AOI-0078,2022-10-15,0.4708866088018022
AOI-0078,2023-05-12,0.8383100060207651
AOI-0078,2023-06-02,0.8535334432709134
AOI-0078,2023-07-02,0.5794721360449004
AOI-0078,2023-07-31,0.21639716454171484
AOI-0078,2023-08-03,0.15948678599236996
AOI-0078,2023-08-29,0.38070562095001903
AOI-0078,2023-09-29,0.1587627879336162
AOI-0078,2023-10-03,0.1761131321807261
AOI-0078,2024-04-04,0.16941060309564
AOI-0078,2024-04-13,0.2766585615528825
AOI-0078,2024-04-14,0.2268708979843017
AOI-0078,2024-04-22,0.4177160307572666
AOI-0078,2024-05-04,0.45714872650647204
AOI-0078,2024-05-06,0.4770511402696394
AOI-0078,2024-05-17,0.5603137788217727
AOI-0078,2024-05-19,0.5423628035667047
AOI-0078,2024-05-29,0.638226779595459
AOI-0078,2024-06-09,0.6079961263179845
AOI-0078,2024-06-25,0.3482436341649678
AOI-0078,2024-07-08,0.23633195154426156
AOI-0078,2024-07-13,0.21928684230621484
AOI-0078,2024-07-17,0.2806871778969255
AOI-0078,2024-07-25,0.26501756577831037
AOI-0078,2024-08-18,0.3184070561041366
AOI-0078,2024-08-26,0.24943798541097484
AOI-0078,2024-09-21,0.16793174138233208
AOI-0078,2024-10-22,0.2220359898239319
AOI-0078,2024-10-30,0.21192021071938724
