date,primary_ndvi_true,anon_polygon_id
2010-05-02,0.2384499072762406,AOI-0005
2010-07-28,0.30784115788694044,AOI-0005
2010-08-05,0.25238084501937513,AOI-0005
2010-08-29,0.28147481690170195,AOI-0005
2010-08-30,0.23716750582797194,AOI-0005
2010-09-06,0.24746519166939768,AOI-0005
2011-04-02,0.25506437332486837,AOI-0005
2011-06-06,0.7595774429347507,AOI-0005
2011-06-26,0.5175041200229128,AOI-0005
2011-09-02,0.41732034686678054,AOI-0005
2012-04-04,0.2229386660109556,AOI-0005
2012-04-29,0.548604732817719,AOI-0005
2012-05-06,0.5757332566209064,AOI-0005
2012-05-31,0.7884423298319808,AOI-0005
2012-08-10,0.18622954063879354,AOI-0005
2012-08-12,0.29693759980894147,AOI-0005
2013-06-26,0.3618110354535964,AOI-0005
2013-07-12,0.3303995202211574,AOI-0005
2013-08-21,0.4521460393691676,AOI-0005
2013-08-29,0.46999910102202697,AOI-0005
2014-04-18,0.4090542102205156,AOI-0005
2014-04-27,0.6082612942150847,AOI-0005
2014-05-04,0.6987151662930994,AOI-0005
2014-05-09,0.7760841956468488,AOI-0005
2014-06-10,0.6778532656003421,AOI-0005
2014-07-28,0.465096435765381,AOI-0005
2014-10-03,0.24336559571807145,AOI-0005
2015-05-23,0.7368733349666814,AOI-0005
2015-06-10,0.7752947323975546,AOI-0005
2015-10-06,0.19179223128205825,AOI-0005
2016-04-22,0.681909800264378,AOI-0005
2016-05-08,0.7901991434149278,AOI-0005
2016-09-13,0.3716404309944602,AOI-0005
2017-04-11,0.19307612111857328,AOI-0005
2017-04-23,0.5251902771057498,AOI-0005
2017-04-26,0.3722907398753042,AOI-0005
2017-07-23,0.5564502014704236,AOI-0005
2017-09-25,0.503687228605943,AOI-0005
2017-10-04,0.4416173510656853,AOI-0005
2018-05-01,0.6123284397696683,AOI-0005
2018-05-16,0.7095097928639432,AOI-0005
2018-06-01,0.670486104307554,AOI-0005
2018-07-10,0.4116690353734571,AOI-0005
2018-08-27,0.4148089196460025,AOI-0005
2018-09-30,0.3747403609393491,AOI-0005
2019-04-26,0.6435566480032502,AOI-0005
2019-05-11,0.7497282146332005,AOI-0005
2019-05-18,0.8194028937037203,AOI-0005
2019-05-21,0.8020975599847253,AOI-0005
2019-06-11,0.7316379591149912,AOI-0005
2019-06-25,0.5349213631518559,AOI-0005
2019-07-12,0.4556652674172498,AOI-0005
2019-08-23,0.3526185394833689,AOI-0005
2019-08-24,0.3456894730065933,AOI-0005
2019-09-03,0.3435179075347222,AOI-0005
2019-09-07,0.37755991298125874,AOI-0005
2019-09-08,0.35056490374737015,AOI-0005
2019-09-15,0.28840609620340635,AOI-0005
2020-04-22,0.3964014879797218,AOI-0005
2020-05-08,0.7016688154809271,AOI-0005
2020-08-16,0.49795226284525207,AOI-0005
2020-08-23,0.4182177552486169,AOI-0005
2020-08-24,0.43623853658244177,AOI-0005
2020-09-02,0.3624934283752093,AOI-0005
2020-09-17,0.29537812407568337,AOI-0005
2020-09-29,0.2956303777334176,AOI-0005
2021-04-21,0.46732778675240577,AOI-0005
2021-07-12,0.49815606389839306,AOI-0005
2021-08-29,0.42154483454924363,AOI-0005
2021-09-04,0.3039280477906049,AOI-0005
2021-09-30,0.3929548883571225,AOI-0005
2021-10-14,0.30337580792921254,AOI-0005
2022-05-09,0.8030674299854872,AOI-0005
2022-05-30,0.8377731734547955,AOI-0005
2022-07-19,0.46942131664881936,AOI-0005
2022-07-21,0.4402510188153054,AOI-0005
2022-07-28,0.5032261107444588,AOI-0005
2022-08-03,0.42194474621500705,AOI-0005
2022-08-14,0.5032477780263298,AOI-0005
2022-08-28,0.39945190953589665,AOI-0005
2022-10-01,0.4039955340253206,AOI-0005
2023-07-14,0.5764929458705381,AOI-0005
2023-07-29,0.5302023175202525,AOI-0005
2023-08-08,0.5105544472190213,AOI-0005
2023-08-29,0.4445949145674988,AOI-0005
2023-09-12,0.3828425899915696,AOI-0005
2023-09-14,0.373907694298619,AOI-0005
2023-09-26,0.35483220604084953,AOI-0005
2023-10-17,0.20826914109152356,AOI-0005
2024-05-31,0.7204365991028563,AOI-0005
2024-06-03,0.7099968767245451,AOI-0005
2024-07-28,0.3964664198517111,AOI-0005
2024-08-22,0.3084603038492022,AOI-0005
2024-08-28,0.37108868029051256,AOI-0005
2024-09-16,0.3043322105593757,AOI-0005
2010-04-15,0.42869907497629256,AOI-0006
2010-05-09,0.800644794537221,AOI-0006
2010-07-13,0.2859197602717472,AOI-0006
2010-07-28,0.29092446953378787,AOI-0006
2010-07-29,0.2292735123370842,AOI-0006
2010-08-05,0.2105063849971632,AOI-0006
2011-04-02,0.12078786327963068,AOI-0006
2011-04-19,0.16254911773246936,AOI-0006
2011-05-21,0.22968777255086686,AOI-0006
2011-07-16,0.7411016525263926,AOI-0006
2011-08-08,0.4585787126095933,AOI-0006
2011-08-09,0.43846276856833677,AOI-0006
2011-10-16,0.32870324424275976,AOI-0006
2012-04-22,0.7611459927846673,AOI-0006
2012-06-09,0.5123515148708452,AOI-0006
2012-10-15,0.2867031405286337,AOI-0006
2013-07-21,0.7249285385067528,AOI-0006
2013-08-21,0.3479591185736523,AOI-0006
2013-10-24,0.26733370181545957,AOI-0006
2014-04-07,0.6863373183634303,AOI-0006
2014-06-13,0.40616788418815253,AOI-0006
2014-06-26,0.3320523352590131,AOI-0006
2014-07-31,0.18277588701418718,AOI-0006
2014-08-29,0.23287631685785332,AOI-0006
2015-06-09,0.8220302708972773,AOI-0006
2015-07-26,0.30484835855340126,AOI-0006
2015-08-03,0.29895134165793374,AOI-0006
2015-08-11,0.29643650834301083,AOI-0006
2015-08-12,0.27356200222232513,AOI-0006
2015-10-16,0.23942072660296165,AOI-0006
2016-04-22,0.5499564457771271,AOI-0006
2016-04-23,0.4618462650416213,AOI-0006
2016-05-08,0.4950148758012094,AOI-0006
2017-04-23,0.35166278894837544,AOI-0006
2017-05-09,0.4387557773796358,AOI-0006
2017-07-25,0.7726013399865551,AOI-0006
2017-09-01,0.24398983546000846,AOI-0006
2017-09-14,0.310281578393318,AOI-0006
2017-10-04,0.18926728918511404,AOI-0006
2018-06-08,0.3889883214181669,AOI-0006
2018-08-13,0.4744238137597202,AOI-0006
2018-09-20,0.2625687318554771,AOI-0006
2018-10-16,0.29965313066967375,AOI-0006
2019-04-21,0.7465425683667953,AOI-0006
2019-04-23,0.8055012936433305,AOI-0006
2019-05-21,0.8714953196345292,AOI-0006
2019-06-27,0.22564856432018088,AOI-0006
2019-08-22,0.19870334567290687,AOI-0006
2019-09-03,0.14308908367663375,AOI-0006
2020-04-06,0.2837785300920858,AOI-0006
2020-04-30,0.1667987647371569,AOI-0006
2020-05-20,0.24629507822568636,AOI-0006
2020-06-05,0.6026149792381131,AOI-0006
2020-08-03,0.44085138433667564,AOI-0006
2020-09-01,0.36208842792699625,AOI-0006
2021-04-06,0.27536222324287063,AOI-0006
2021-05-20,0.8661992915530544,AOI-0006
2021-06-16,0.8004053933452636,AOI-0006
2021-08-29,0.25065250872183203,AOI-0006
2021-10-02,0.1997495949633395,AOI-0006
2022-04-24,0.8135719064820487,AOI-0006
2022-06-10,0.7376898944816576,AOI-0006
2022-08-23,0.1823813522066817,AOI-0006
2022-09-17,0.15826070970778086,AOI-0006
2022-09-30,0.28799374706626524,AOI-0006
2022-10-02,0.16891139213734094,AOI-0006
2022-10-12,0.1770856136024554,AOI-0006
2023-04-10,0.2685742990568377,AOI-0006
2023-04-23,0.49961194249533797,AOI-0006
2023-05-06,0.3065810333088746,AOI-0006
2023-05-13,0.29817184182415446,AOI-0006
2023-06-10,0.7141360823020463,AOI-0006
2023-06-15,0.6012369389339197,AOI-0006
2023-07-16,0.7824129945094978,AOI-0006
2023-08-28,0.5418072342525213,AOI-0006
2023-09-02,0.4017391199714858,AOI-0006
2023-09-14,0.3774167747623821,AOI-0006
2023-09-18,0.40235408792500005,AOI-0006
2023-09-26,0.30371456585697015,AOI-0006
2023-10-02,0.20151046343366083,AOI-0006
2023-10-16,0.27307054670894193,AOI-0006
2023-10-17,0.14855474120524445,AOI-0006
2024-06-03,0.7237136310038871,AOI-0006
2024-06-24,0.3500200208576244,AOI-0006
2024-07-03,0.21079875276417928,AOI-0006
2024-07-13,0.1975396594374013,AOI-0006
2024-09-28,0.15982248645568167,AOI-0006
2024-10-06,0.1473093770326604,AOI-0006
2024-10-26,0.17541551730423163,AOI-0006
2010-04-07,0.45351762942123514,AOI-0009
2010-05-18,0.7043632021771695,AOI-0009
2010-06-10,0.45733283095735094,AOI-0009
2010-09-14,0.2685880813982335,AOI-0009
2010-09-30,0.24908563571717393,AOI-0009
2011-05-25,0.5979649901525971,AOI-0009
2011-07-12,0.6671097618839456,AOI-0009
2011-07-28,0.5858707262260658,AOI-0009
2011-08-17,0.35445794975765105,AOI-0009
2011-09-10,0.27334413307895317,AOI-0009
2012-04-29,0.5226008512023722,AOI-0009
2012-05-08,0.711489154942629,AOI-0009
2012-08-12,0.3285767949419281,AOI-0009
2012-08-28,0.3746707635421492,AOI-0009
2012-09-29,0.32832965484535154,AOI-0009
2012-10-06,0.20032258604532072,AOI-0009
2013-04-07,0.30741733769384444,AOI-0009
2013-07-21,0.5821914313300998,AOI-0009
2013-08-13,0.3831230320835092,AOI-0009
2013-09-14,0.3141335464425711,AOI-0009
2014-04-07,0.6334326888640129,AOI-0009
2014-04-27,0.7798850335886335,AOI-0009
2014-05-29,0.8614971390501168,AOI-0009
2014-06-10,0.5246280735132254,AOI-0009
2014-06-22,0.4064949080747985,AOI-0009
2014-08-01,0.19332326528413424,AOI-0009
2014-08-09,0.16207482204156123,AOI-0009
2014-08-17,0.17965383975970126,AOI-0009
2014-08-29,0.24596235839359049,AOI-0009
2015-04-14,0.3775789614194055,AOI-0009
2015-05-24,0.819549816145459,AOI-0009
2015-06-26,0.3927450781714625,AOI-0009
2015-10-07,0.19973110507572997,AOI-0009
2016-05-02,0.6172198053123515,AOI-0009
2016-06-25,0.4994662981590478,AOI-0009
2016-07-05,0.3732404074219298,AOI-0009
2016-07-13,0.39703952104331885,AOI-0009
2016-10-25,0.2565465677425245,AOI-0009
2017-04-01,0.1970215365848703,AOI-0009
2017-04-23,0.662632980478584,AOI-0009
2017-05-21,0.8304708528213454,AOI-0009
2017-07-12,0.3175960808534348,AOI-0009
2017-07-24,0.21428281099222435,AOI-0009
2017-08-09,0.15337870193619937,AOI-0009
2017-08-11,0.14362727665649366,AOI-0009
2017-08-14,0.1643112231002628,AOI-0009
2017-08-29,0.19233701307547815,AOI-0009
2017-09-05,0.1376381868947551,AOI-0009
2017-09-13,0.16429921949973572,AOI-0009
2017-09-15,0.16254844025055173,AOI-0009
2018-04-14,0.41234305920297926,AOI-0009
2018-04-23,0.684705516286608,AOI-0009
2018-07-12,0.30386102795504416,AOI-0009
2018-09-29,0.1767878372156958,AOI-0009
2018-09-30,0.23713153249586438,AOI-0009
2018-10-13,0.17310800252280567,AOI-0009
2019-04-01,0.2219139696841258,AOI-0009
2019-04-25,0.3338888762017198,AOI-0009
2019-05-09,0.5799891913406309,AOI-0009
2019-05-18,0.4720724035596604,AOI-0009
2019-05-28,0.710757745488367,AOI-0009
2019-06-28,0.24374156082763893,AOI-0009
2019-08-07,0.288229984217362,AOI-0009
2019-08-21,0.17963396611183088,AOI-0009
2019-08-26,0.1648122208123593,AOI-0009
2019-08-31,0.1652649199240512,AOI-0009
2019-10-15,0.22042166286292697,AOI-0009
2020-05-13,0.7311549238591541,AOI-0009
2020-05-15,0.6781420243759694,AOI-0009
2020-05-24,0.7868387076065726,AOI-0009
2020-05-27,0.7129515818623847,AOI-0009
2020-05-29,0.70671613950629,AOI-0009
2020-06-06,0.6363886568797462,AOI-0009
2020-06-11,0.5658348445422692,AOI-0009
2020-06-29,0.20660906592228093,AOI-0009
2020-07-06,0.16028101911379508,AOI-0009
2020-07-24,0.14381111040618816,AOI-0009
2020-07-27,0.21415350341968398,AOI-0009
2020-08-03,0.14346046291874717,AOI-0009
2020-08-12,0.24139363201454997,AOI-0009
2020-08-15,0.1518746107335606,AOI-0009
2020-08-17,0.1798092860289985,AOI-0009
2020-08-28,0.22721682582285208,AOI-0009
2020-09-02,0.14800426107172623,AOI-0009
2020-09-29,0.20875004512847137,AOI-0009
2020-10-07,0.13921132734585634,AOI-0009
2020-10-15,0.22495039214238546,AOI-0009
2021-04-06,0.37061368884566326,AOI-0009
2021-04-30,0.6682651757885228,AOI-0009
2021-05-15,0.8269947706665143,AOI-0009
2021-05-16,0.8521081500249976,AOI-0009
2021-07-14,0.17508944843428317,AOI-0009
2021-07-21,0.1565904099532084,AOI-0009
2021-07-26,0.1706804041935454,AOI-0009
2021-07-29,0.16493869929257615,AOI-0009
2021-08-20,0.18056084108371662,AOI-0009
2021-09-27,0.282133726564889,AOI-0009
2021-10-02,0.3539390964534529,AOI-0009
2021-10-12,0.246045784611037,AOI-0009
2021-10-15,0.29932399219468003,AOI-0009
2022-04-02,0.42318132276803616,AOI-0009
2022-06-06,0.8199470434672176,AOI-0009
2022-06-08,0.828605449045548,AOI-0009
2022-06-11,0.8196892351448727,AOI-0009
2022-07-12,0.2439683943819204,AOI-0009
2022-07-14,0.16322340804743699,AOI-0009
2022-08-23,0.16398223842041185,AOI-0009
2022-09-30,0.2723234837430989,AOI-0009
2022-10-02,0.16176951893652694,AOI-0009
2022-10-19,0.1911291563701413,AOI-0009
2022-10-22,0.1868216756190099,AOI-0009
2023-05-17,0.8533560418819138,AOI-0009
2023-05-25,0.7954221620064815,AOI-0009
2023-06-19,0.6891898842282389,AOI-0009
2023-06-26,0.4259009866977142,AOI-0009
2023-07-25,0.3213995173250555,AOI-0009
2023-08-13,0.2714432864430298,AOI-0009
2023-08-26,0.28949248130593086,AOI-0009
2023-08-28,0.2500700706348631,AOI-0009
2023-08-29,0.319596905629405,AOI-0009
2023-09-14,0.25988349321486975,AOI-0009
2023-10-02,0.22046937522456025,AOI-0009
2023-10-12,0.2370490633741488,AOI-0009
2024-05-08,0.4161566429976913,AOI-0009
2024-06-18,0.6581303469422201,AOI-0009
2024-06-23,0.6904324291677821,AOI-0009
2024-06-28,0.6878648899242978,AOI-0009
2024-07-08,0.6350689411472503,AOI-0009
2024-08-04,0.5121923900188152,AOI-0009
2024-08-09,0.5258443961397561,AOI-0009
2024-08-20,0.4370878327160353,AOI-0009
2024-08-27,0.33013800653627434,AOI-0009
2024-09-03,0.2634690399783512,AOI-0009
2024-09-06,0.2607817864441381,AOI-0009
2024-09-08,0.25263750720939726,AOI-0009
2024-09-13,0.2699723114307371,AOI-0009
2024-10-08,0.16777740103444833,AOI-0009
2010-07-13,0.25787332140569164,AOI-0012
2010-08-22,0.2171632438962931,AOI-0012
2010-10-25,0.276171855289205,AOI-0012
2011-05-21,0.7476032683770011,AOI-0012
2011-07-12,0.3830471963333984,AOI-0012
2011-08-13,0.33802227589708594,AOI-0012
2011-09-02,0.2900167799646601,AOI-0012
2012-04-22,0.38473064909748644,AOI-0012
2012-06-09,0.3719405988493774,AOI-0012
2012-06-25,0.3675056044043912,AOI-0012
2012-08-03,0.24018265331312186,AOI-0012
2012-08-28,0.3201844365886066,AOI-0012
2012-09-13,0.32233311703795353,AOI-0012
2012-10-06,0.2692160478708956,AOI-0012
2013-05-09,0.738447154484208,AOI-0012
2013-06-10,0.44479724668750575,AOI-0012
2013-07-13,0.304686579708885,AOI-0012
2013-07-29,0.27360375260369674,AOI-0012
2013-10-09,0.3016490859553277,AOI-0012
2013-10-25,0.3071121985351592,AOI-0012
2014-06-06,0.5566519593762762,AOI-0012
2014-06-22,0.3118123959250124,AOI-0012
2014-06-26,0.3160501150015487,AOI-0012
2014-06-30,0.26872113136472736,AOI-0012
2014-08-13,0.27161858710514003,AOI-0012
2014-09-14,0.2702871210748268,AOI-0012
2014-10-16,0.26677932557733397,AOI-0012
2014-10-28,0.18162223072747724,AOI-0012
2015-05-25,0.42680401942877927,AOI-0012
2015-06-09,0.3333606105427558,AOI-0012
2015-08-12,0.22094578806116916,AOI-0012
2015-08-13,0.28432106637776355,AOI-0012
2015-08-20,0.225199488578623,AOI-0012
2015-09-14,0.2964866910442437,AOI-0012
2016-08-06,0.296601109832623,AOI-0012
2017-04-03,0.334005885590011,AOI-0012
2017-04-07,0.4841979762055295,AOI-0012
2017-05-06,0.6737159604871263,AOI-0012
2017-07-24,0.22286323644760053,AOI-0012
2017-08-01,0.15159759291305053,AOI-0012
2017-08-04,0.16513212704171593,AOI-0012
2017-08-13,0.27460329298724767,AOI-0012
2017-08-14,0.17206317713629588,AOI-0012
2017-08-17,0.18064165966005655,AOI-0012
2017-09-05,0.17766282118894897,AOI-0012
2017-09-08,0.20693407368746017,AOI-0012
2017-09-30,0.2614655245082591,AOI-0012
2017-10-04,0.20632146082253713,AOI-0012
2018-04-11,0.5757594108226722,AOI-0012
2018-05-24,0.7715459165064663,AOI-0012
2018-05-25,0.6711259280828028,AOI-0012
2018-06-09,0.5601758206366,AOI-0012
2018-09-13,0.17331307573610702,AOI-0012
2018-09-30,0.27653724175042455,AOI-0012
2019-04-01,0.47536716553395864,AOI-0012
2019-06-07,0.5523238223150061,AOI-0012
2019-06-17,0.2478586535249529,AOI-0012
2019-06-28,0.22474871614818617,AOI-0012
2019-07-22,0.1825750685144796,AOI-0012
2019-08-13,0.3301039342224008,AOI-0012
2019-09-13,0.18746309816790024,AOI-0012
2020-04-02,0.5040941944787897,AOI-0012
2020-04-25,0.6909552569842878,AOI-0012
2020-05-15,0.6583605892683007,AOI-0012
2020-06-09,0.4735787882365648,AOI-0012
2020-06-26,0.19915384987567417,AOI-0012
2020-07-24,0.1867612261303547,AOI-0012
2020-08-03,0.17953394513601864,AOI-0012
2020-08-05,0.1767897355250286,AOI-0012
2020-08-12,0.28042048944214104,AOI-0012
2020-09-09,0.176663607549576,AOI-0012
2020-09-12,0.1485213379513144,AOI-0012
2020-09-22,0.1579277570606971,AOI-0012
2020-09-26,0.14920894528309372,AOI-0012
2020-10-17,0.16523744455262454,AOI-0012
2021-05-08,0.3786095023897034,AOI-0012
2021-05-25,0.41066768043058277,AOI-0012
2021-06-06,0.25464389916887936,AOI-0012
2021-06-26,0.2713653846581907,AOI-0012
2021-07-16,0.16083669291328356,AOI-0012
2021-07-21,0.16470515300487068,AOI-0012
2021-07-24,0.16946657742200902,AOI-0012
2021-08-18,0.17624189238016508,AOI-0012
2021-08-25,0.20579437092729153,AOI-0012
2021-08-30,0.20744410385434855,AOI-0012
2021-09-07,0.22095154652664098,AOI-0012
2022-06-06,0.8353487798887876,AOI-0012
2022-06-19,0.6551884446825458,AOI-0012
2022-07-01,0.20591361929501154,AOI-0012
2022-07-28,0.2887597836764452,AOI-0012
2022-08-28,0.3284438135009175,AOI-0012
2022-09-08,0.2660745089935027,AOI-0012
2022-09-14,0.2523288716636864,AOI-0012
2023-04-10,0.706781712552501,AOI-0012
2023-06-06,0.791323141241176,AOI-0012
2023-06-23,0.37828118314672105,AOI-0012
2023-07-26,0.179005764691898,AOI-0012
2023-08-05,0.1612813441726965,AOI-0012
2023-08-15,0.15744568443747295,AOI-0012
2023-10-07,0.21323544214179507,AOI-0012
2023-10-11,0.2598906647180782,AOI-0012
2024-04-01,0.6216745374720146,AOI-0012
2024-04-06,0.6679676281528967,AOI-0012
2024-05-08,0.803149501419609,AOI-0012
2024-05-09,0.7945501761112258,AOI-0012
2024-06-17,0.30356086996099474,AOI-0012
2024-07-08,0.14967481774171768,AOI-0012
2024-07-10,0.15164746334822599,AOI-0012
2024-07-20,0.13514611564243334,AOI-0012
2024-08-22,0.16095728546246407,AOI-0012
2024-10-07,0.2328070793817782,AOI-0012
2024-10-15,0.25906656827205365,AOI-0012
2010-04-24,0.47570161137198347,AOI-0016
2010-08-29,0.541339711426296,AOI-0016
2011-05-09,0.6928151894039507,AOI-0016
2011-06-06,0.8038059729974685,AOI-0016
2011-06-10,0.7343869443892289,AOI-0016
2011-06-30,0.6847964039988076,AOI-0016
2011-07-28,0.5694553466322262,AOI-0016
2012-04-29,0.6152547319281854,AOI-0016
2012-07-11,0.6605901805408665,AOI-0016
2012-07-27,0.5908385563121615,AOI-0016
2012-09-11,0.5393295988047393,AOI-0016
2012-10-15,0.531890487406668,AOI-0016
2013-06-03,0.7777016609924918,AOI-0016
2013-07-28,0.6469308692362997,AOI-0016
2013-08-13,0.5995629480470581,AOI-0016
2013-10-24,0.6095979691560898,AOI-0016
2014-04-07,0.4215900285462223,AOI-0016
2014-05-09,0.7590736022607414,AOI-0016
2014-05-21,0.7937916017678295,AOI-0016
2014-06-29,0.6448604682940415,AOI-0016
2014-07-08,0.6355081999629316,AOI-0016
2014-07-28,0.5710665331937348,AOI-0016
2015-04-06,0.2792595043913528,AOI-0016
2015-06-24,0.7196570078475281,AOI-0016
2015-07-12,0.6329994706510441,AOI-0016
2015-10-07,0.405535054925208,AOI-0016
2016-05-25,0.5727024652433945,AOI-0016
2016-06-03,0.5169877304469598,AOI-0016
2016-06-19,0.4731188677126872,AOI-0016
2016-07-04,0.5599316052075329,AOI-0016
2016-07-05,0.60174613641211,AOI-0016
2016-07-27,0.7517236378504037,AOI-0016
2017-04-03,0.22145093978487562,AOI-0016
2017-04-13,0.19819843023622832,AOI-0016
2017-08-09,0.5455525132806532,AOI-0016
2017-08-11,0.5149755246830415,AOI-0016
2017-08-17,0.49680960624072334,AOI-0016
2017-09-15,0.43219161767013825,AOI-0016
2018-04-06,0.23972727550880507,AOI-0016
2018-04-07,0.312237939157636,AOI-0016
2018-04-11,0.18310146609705735,AOI-0016
2018-05-16,0.3038569658323347,AOI-0016
2018-06-02,0.2826654726110129,AOI-0016
2019-04-06,0.20067727508017527,AOI-0016
2019-04-21,0.22896818151632248,AOI-0016
2019-05-11,0.22933128751990514,AOI-0016
2019-06-26,0.6973098934383328,AOI-0016
2019-07-06,0.7369571867818178,AOI-0016
2019-07-17,0.6749925130666324,AOI-0016
2019-07-28,0.7157095479639434,AOI-0016
2019-08-24,0.3327377651319746,AOI-0016
2019-09-13,0.29939372533444164,AOI-0016
2019-09-23,0.17445979258973524,AOI-0016
2020-05-04,0.2527754248859125,AOI-0016
2020-06-26,0.7238430006171961,AOI-0016
2020-07-07,0.7632776335252832,AOI-0016
2020-08-08,0.48639846976373813,AOI-0016
2020-08-24,0.36558977722976577,AOI-0016
2020-08-30,0.2375156200996587,AOI-0016
2020-09-17,0.1714537766882411,AOI-0016
2020-09-19,0.1232646271947948,AOI-0016
2020-10-03,0.19246904081433458,AOI-0016
2020-10-17,0.14934977366738972,AOI-0016
2021-04-02,0.27426548627588415,AOI-0016
2021-04-15,0.46051031999671405,AOI-0016
2021-05-12,0.8348739582682612,AOI-0016
2021-06-14,0.8162146369996294,AOI-0016
2021-07-14,0.19167046160606926,AOI-0016
2021-07-24,0.13848185237504534,AOI-0016
2021-08-03,0.16092764172339785,AOI-0016
2021-08-29,0.2666097684306238,AOI-0016
2021-09-17,0.1895979411521514,AOI-0016
2021-09-29,0.2277584351005188,AOI-0016
2021-10-14,0.2039741651475821,AOI-0016
2022-06-04,0.28816376913116154,AOI-0016
2022-06-06,0.3414919783429835,AOI-0016
2022-07-06,0.7846522661142415,AOI-0016
2022-07-19,0.7747571640487082,AOI-0016
2022-07-21,0.7791344510917753,AOI-0016
2022-07-29,0.7993545340728399,AOI-0016
2022-08-03,0.7097771850165043,AOI-0016
2022-08-05,0.7181432395585151,AOI-0016
2022-08-08,0.6613583470023695,AOI-0016
2022-08-13,0.4769866224796129,AOI-0016
2022-08-23,0.3819022931306151,AOI-0016
2022-09-27,0.21158539287098124,AOI-0016
2022-10-19,0.19738593503010543,AOI-0016
2023-04-11,0.7469008318141712,AOI-0016
2023-05-05,0.8086854876667772,AOI-0016
2023-05-25,0.76489369758863,AOI-0016
2023-06-07,0.7873012833308957,AOI-0016
2023-06-11,0.7004384409806872,AOI-0016
2023-07-16,0.28265657361542645,AOI-0016
2023-07-17,0.3159006562933064,AOI-0016
2023-07-24,0.38358830284046225,AOI-0016
2023-07-28,0.41039724252719784,AOI-0016
2023-08-17,0.22885186121901177,AOI-0016
2023-08-25,0.15346582770284573,AOI-0016
2023-09-07,0.16192841384550397,AOI-0016
2023-09-26,0.2266664368595394,AOI-0016
2023-10-16,0.25452627772802283,AOI-0016
2023-10-19,0.17465979475695995,AOI-0016
2024-04-26,0.38752212716275924,AOI-0016
2024-05-04,0.4675602279547825,AOI-0016
2024-05-06,0.4714394452369439,AOI-0016
2024-05-09,0.46948989474562525,AOI-0016
2024-06-05,0.360386656361867,AOI-0016
2024-06-13,0.31871997838007576,AOI-0016
2024-06-24,0.3293541312675086,AOI-0016
2024-07-10,0.24661440892573866,AOI-0016
2024-07-18,0.1831784389733165,AOI-0016
2024-09-11,0.17854189296893241,AOI-0016
2024-09-16,0.1923793810511977,AOI-0016
2024-10-07,0.2399618879563663,AOI-0016
2024-10-30,0.24647901931197178,AOI-0016
2010-07-12,0.6992024609844276,AOI-0018
2010-08-29,0.5384976060395091,AOI-0018
2010-09-30,0.40967990446284236,AOI-0018
2011-04-26,0.2395693277864947,AOI-0018
2011-05-21,0.6607846166770223,AOI-0018
2011-05-25,0.7441999142800053,AOI-0018
2011-06-22,0.7909006224130452,AOI-0018
2011-06-26,0.6996101547405142,AOI-0018
2011-07-15,0.7047840645460786,AOI-0018
2011-07-28,0.6198189920792923,AOI-0018
2011-08-17,0.6244315922035556,AOI-0018
2011-10-27,0.456149121460022,AOI-0018
2012-04-06,0.40823387702304625,AOI-0018
2012-07-25,0.7161475757783462,AOI-0018
2012-07-27,0.585090984223582,AOI-0018
2012-09-04,0.5650472424061374,AOI-0018
2012-10-06,0.6129822362970473,AOI-0018
2012-10-15,0.5688487754127304,AOI-0018
2013-06-11,0.6324818209360173,AOI-0018
2013-08-13,0.6692236931199259,AOI-0018
2013-08-21,0.7234942429255791,AOI-0018
2013-09-22,0.5797346824871711,AOI-0018
2013-10-16,0.5633586842440943,AOI-0018
2014-05-09,0.7208844674028861,AOI-0018
2014-06-06,0.6677933228247463,AOI-0018
2014-06-10,0.605721501006329,AOI-0018
2014-09-14,0.4531197820392013,AOI-0018
2015-04-07,0.457712386414023,AOI-0018
2015-05-23,0.7073227935943988,AOI-0018
2015-05-25,0.6377258614703838,AOI-0018
2015-08-04,0.4842660064060301,AOI-0018
2015-08-11,0.48153310791808174,AOI-0018
2015-09-28,0.41981655701766574,AOI-0018
2016-05-18,0.7759269501085432,AOI-0018
2016-06-03,0.7569644305185113,AOI-0018
2016-06-18,0.7301694656118735,AOI-0018
2016-07-13,0.5476318072621911,AOI-0018
2016-08-22,0.5179888725707118,AOI-0018
2016-10-16,0.6790217903172195,AOI-0018
2017-07-12,0.6608060857777014,AOI-0018
2017-08-08,0.6419226969525109,AOI-0018
2017-08-13,0.5371319591276562,AOI-0018
2017-09-02,0.5880300907830612,AOI-0018
2017-09-26,0.4982141116037472,AOI-0018
2017-10-04,0.4309465489892269,AOI-0018
2017-10-05,0.4332317880035663,AOI-0018
2017-10-08,0.4146179692170425,AOI-0018
2018-06-15,0.6298640345328954,AOI-0018
2018-07-18,0.5730028210278828,AOI-0018
2018-07-28,0.47244990747466004,AOI-0018
2018-08-13,0.37846887688132863,AOI-0018
2018-08-20,0.34095572164887344,AOI-0018
2018-09-05,0.24905333414589392,AOI-0018
2018-10-07,0.22696369067396288,AOI-0018
2019-04-28,0.4690022561481968,AOI-0018
2019-05-02,0.4501451167137157,AOI-0018
2019-05-06,0.3046993741139165,AOI-0018
2019-05-13,0.24323911895341127,AOI-0018
2019-05-18,0.248897130625171,AOI-0018
2019-05-21,0.22904976637497534,AOI-0018
2019-05-25,0.4760185612881783,AOI-0018
2019-06-25,0.31165324848967096,AOI-0018
2019-06-26,0.48053951883540924,AOI-0018
2019-07-12,0.6191818562235732,AOI-0018
2019-08-29,0.5091202975987905,AOI-0018
2019-09-03,0.4561135940478071,AOI-0018
2019-09-10,0.3562741316793846,AOI-0018
2019-10-10,0.2553238743838957,AOI-0018
2019-10-13,0.23976835280035555,AOI-0018
2020-06-11,0.6308273990111504,AOI-0018
2020-06-25,0.3867031755526338,AOI-0018
2020-07-14,0.1703441072580479,AOI-0018
2020-08-20,0.17833979960294635,AOI-0018
2020-09-02,0.18532269981947644,AOI-0018
2020-09-04,0.1570347205836144,AOI-0018
2020-09-12,0.16939211038693314,AOI-0018
2020-09-26,0.18380497030083373,AOI-0018
2020-10-07,0.15812458480284586,AOI-0018
2020-10-09,0.15918131417119447,AOI-0018
2020-10-27,0.15824417513205716,AOI-0018
2021-04-02,0.28720498381395654,AOI-0018
2021-04-07,0.5189211168025316,AOI-0018
2021-05-09,0.8193922826093193,AOI-0018
2021-05-12,0.8039221366293535,AOI-0018
2021-05-20,0.7982580606813671,AOI-0018
2021-05-23,0.8269360799339694,AOI-0018
2021-06-14,0.7795978946457516,AOI-0018
2021-07-19,0.2009416638305724,AOI-0018
2021-07-28,0.3246207558921227,AOI-0018
2021-08-12,0.043220890604412164,AOI-0018
2021-08-23,0.25412614952877594,AOI-0018
2021-08-25,0.24918986120234635,AOI-0018
2021-08-29,0.3364971361017886,AOI-0018
2021-09-13,0.2651247950245037,AOI-0018
2021-10-27,0.2412263207231548,AOI-0018
2022-04-05,0.19064855285995586,AOI-0018
2022-04-08,0.28110979368500266,AOI-0018
2022-05-20,0.2298940707473495,AOI-0018
2022-06-04,0.39986106002041666,AOI-0018
2022-06-08,0.562598079748068,AOI-0018
2022-06-19,0.7017610872585965,AOI-0018
2022-06-24,0.6946687873721127,AOI-0018
2022-07-22,0.7923259693908993,AOI-0018
2022-07-30,0.7823314173766974,AOI-0018
2022-08-10,0.6668122751954573,AOI-0018
2022-08-28,0.34225637972397543,AOI-0018
2022-08-31,0.3486801743529235,AOI-0018
2022-10-19,0.19942379160803728,AOI-0018
2023-04-04,0.6509601196458681,AOI-0018
2023-04-10,0.6696557035537635,AOI-0018
2023-05-09,0.8324567117248396,AOI-0018
2023-05-15,0.8466794436283345,AOI-0018
2023-05-25,0.7672963009733674,AOI-0018
2023-06-24,0.3749910254775968,AOI-0018
2023-07-06,0.3263925297924805,AOI-0018
2023-07-16,0.2928490624069767,AOI-0018
2023-07-24,0.33545438627839197,AOI-0018
2023-08-02,0.28365948578582784,AOI-0018
2023-08-30,0.20638918584789742,AOI-0018
2023-09-12,0.1786600545412085,AOI-0018
2023-09-18,0.24782479227393378,AOI-0018
2023-10-12,0.18180571795224126,AOI-0018
2023-10-19,0.17986996610317252,AOI-0018
2024-04-05,0.3047822531590843,AOI-0018
2024-04-29,0.3098498553987378,AOI-0018
2024-05-07,0.31545969467982815,AOI-0018
2024-06-17,0.7704363682374733,AOI-0018
2024-06-25,0.6555994214638574,AOI-0018
2024-06-28,0.7275195744736397,AOI-0018
2024-07-05,0.6453394549745127,AOI-0018
2024-08-03,0.5413398945076711,AOI-0018
2024-08-20,0.34026410189967543,AOI-0018
2024-09-20,0.24221569712906169,AOI-0018
2024-09-23,0.18730439617232625,AOI-0018
2024-10-01,0.17213217062280947,AOI-0018
2024-10-30,0.2237802519618726,AOI-0018
2010-04-23,0.2659672341095812,AOI-0024
2010-06-19,0.2906734835706882,AOI-0024
2010-07-28,0.7335554422796745,AOI-0024
2010-10-16,0.30077989436285163,AOI-0024
2011-06-14,0.3228247362529228,AOI-0024
2011-06-26,0.4839832861024097,AOI-0024
2011-07-16,0.4907968609590387,AOI-0024
2011-09-14,0.45191501637017484,AOI-0024
2011-10-16,0.3921971784568269,AOI-0024
2012-04-04,0.1562833265486871,AOI-0024
2012-04-06,0.33084727827324145,AOI-0024
2012-06-23,0.48900100873103397,AOI-0024
2012-07-18,0.3103490860368925,AOI-0024
2012-08-28,0.28229351891734045,AOI-0024
2012-09-04,0.2223807921312106,AOI-0024
2012-09-13,0.2920862580079134,AOI-0024
2012-09-27,0.228989353729788,AOI-0024
2013-04-16,0.2111356322192593,AOI-0024
2013-06-11,0.40721210306462313,AOI-0024
2013-07-20,0.6102312740017736,AOI-0024
2013-07-29,0.528582033580272,AOI-0024
2013-08-22,0.4008023884423623,AOI-0024
2013-09-14,0.43444119986332747,AOI-0024
2014-05-09,0.7704513190284634,AOI-0024
2014-07-12,0.3517113857296483,AOI-0024
2014-08-09,0.18614150403768545,AOI-0024
2014-08-16,0.18729998455385188,AOI-0024
2014-09-30,0.2389915180637756,AOI-0024
2014-10-04,0.20588591276910648,AOI-0024
2015-04-14,0.28578017858693044,AOI-0024
2015-07-11,0.3501188941103968,AOI-0024
2015-07-12,0.40609970768796133,AOI-0024
2015-07-28,0.40952356370902154,AOI-0024
2015-09-29,0.25193423635129686,AOI-0024
2016-04-08,0.2885080982891834,AOI-0024
2016-04-23,0.32538431444609567,AOI-0024
2016-06-19,0.6737368313831732,AOI-0024
2016-08-12,0.6844682066032445,AOI-0024
2016-08-22,0.6407077262138685,AOI-0024
2016-08-30,0.5585171982519906,AOI-0024
2016-09-14,0.406135979468308,AOI-0024
2016-10-16,0.40592077233457746,AOI-0024
2017-04-26,0.5673795167996529,AOI-0024
2017-05-01,0.6353897750908829,AOI-0024
2017-05-12,0.7819357731112379,AOI-0024
2017-05-29,0.8364273020117922,AOI-0024
2017-06-13,0.7634147841462592,AOI-0024
2017-06-14,0.7478112540833053,AOI-0024
2017-06-29,0.4058847767277945,AOI-0024
2017-07-07,0.35451158997674675,AOI-0024
2017-07-15,0.29473562018711275,AOI-0024
2017-08-01,0.1903847537815348,AOI-0024
2017-08-04,0.18610361801244882,AOI-0024
2017-08-08,0.21687947552461417,AOI-0024
2017-08-16,0.21646571264432146,AOI-0024
2017-08-24,0.20238840267749783,AOI-0024
2017-09-02,0.18920460846921863,AOI-0024
2017-09-05,0.14440339102544592,AOI-0024
2017-09-18,0.16766619338655842,AOI-0024
2017-09-30,0.2184328406609945,AOI-0024
2018-04-14,0.2220996255401246,AOI-0024
2018-06-24,0.3948986401831332,AOI-0024
2018-06-25,0.3831894663128876,AOI-0024
2018-08-19,0.21839489241463025,AOI-0024
2018-09-04,0.187938926033912,AOI-0024
2018-09-29,0.20605392339786607,AOI-0024
2019-04-01,0.2860299362893582,AOI-0024
2019-04-21,0.44154435494747085,AOI-0024
2019-05-11,0.825896069987898,AOI-0024
2019-05-28,0.8601446067227666,AOI-0024
2019-08-23,0.2135653513093395,AOI-0024
2019-08-24,0.20200075772808535,AOI-0024
2019-09-14,0.2815475025783701,AOI-0024
2019-09-15,0.19006915172145472,AOI-0024
2019-09-16,0.24784060249787465,AOI-0024
2019-10-09,0.35889299025959387,AOI-0024
2019-10-26,0.3530258630486314,AOI-0024
2020-04-30,0.1924490131891581,AOI-0024
2020-05-27,0.22801552885308268,AOI-0024
2020-07-07,0.7065393236413243,AOI-0024
2020-08-09,0.3929449608411031,AOI-0024
2020-08-12,0.3714417312139437,AOI-0024
2020-09-22,0.15375394877013562,AOI-0024
2020-10-15,0.2410194417673731,AOI-0024
2021-06-10,0.7648890176134624,AOI-0024
2021-07-12,0.3122251103392363,AOI-0024
2021-08-03,0.1908858843644139,AOI-0024
2021-08-12,0.20405488668977514,AOI-0024
2021-08-23,0.2150068311874854,AOI-0024
2021-08-25,0.20697889891208684,AOI-0024
2022-04-05,0.47060504074577525,AOI-0024
2022-05-25,0.8445273277512945,AOI-0024
2022-06-04,0.8699588871649769,AOI-0024
2022-06-30,0.35186851779097067,AOI-0024
2022-07-01,0.28376800689213544,AOI-0024
2022-07-17,0.279546491058509,AOI-0024
2022-08-22,0.3036850893086539,AOI-0024
2022-09-01,0.31578563899108303,AOI-0024
2022-09-30,0.3920985295163676,AOI-0024
2022-10-01,0.36645549801553656,AOI-0024
2023-04-23,0.4924951954550146,AOI-0024
2023-04-27,0.20954153234068884,AOI-0024
2023-05-12,0.326461131653571,AOI-0024
2023-05-17,0.24103366316409136,AOI-0024
2023-06-19,0.5918267577298736,AOI-0024
2023-07-05,0.8022643928091052,AOI-0024
2023-07-21,0.8187040955542537,AOI-0024
2023-08-01,0.8140924094803698,AOI-0024
2023-08-06,0.7963275597736338,AOI-0024
2023-08-13,0.6390535673134496,AOI-0024
2023-08-18,0.5767690755378944,AOI-0024
2023-09-22,0.24942552346843144,AOI-0024
2023-09-29,0.21802595416777892,AOI-0024
2023-10-11,0.200767014446118,AOI-0024
2023-10-12,0.18181421343518314,AOI-0024
2024-04-05,0.6791962928248381,AOI-0024
2024-04-11,0.7456640105530307,AOI-0024
2024-05-23,0.8537131999111398,AOI-0024
2024-06-24,0.28748160227338515,AOI-0024
2024-06-28,0.19507300843664896,AOI-0024
2024-07-11,0.23647562540704,AOI-0024
2024-07-15,0.15464895992525957,AOI-0024
2024-07-27,0.21429158310142085,AOI-0024
2024-07-30,0.12382574225177588,AOI-0024
2024-08-09,0.12790563096385715,AOI-0024
2024-09-21,0.1450003550540091,AOI-0024
2024-10-03,0.12336721194838772,AOI-0024
2024-10-08,0.13373729027803424,AOI-0024
2010-06-02,0.581843613893016,AOI-0025
2011-04-02,0.1787504256462665,AOI-0025
2011-04-07,0.2910941054893826,AOI-0025
2011-06-26,0.44114938832991074,AOI-0025
2011-08-08,0.23797956667180964,AOI-0025
2012-04-04,0.48857476064051236,AOI-0025
2012-05-24,0.6971746400877121,AOI-0025
2012-08-26,0.20103945881439703,AOI-0025
2013-04-07,0.46590695354289086,AOI-0025
2013-04-23,0.5980027906982984,AOI-0025
2013-08-13,0.2682253285231772,AOI-0025
2013-10-16,0.542186108806607,AOI-0025
2014-04-18,0.8400425663716052,AOI-0025
2014-05-09,0.8866973800399305,AOI-0025
2014-07-28,0.3173942072661745,AOI-0025
2014-08-24,0.2160115439778859,AOI-0025
2015-04-13,0.24819140155708208,AOI-0025
2015-05-25,0.5238695129767518,AOI-0025
2015-08-13,0.27165057440674717,AOI-0025
2015-09-14,0.24684613215270232,AOI-0025
2016-04-06,0.7159027602283504,AOI-0025
2016-05-09,0.8586185278322158,AOI-0025
2016-05-25,0.8000694888736624,AOI-0025
2016-06-10,0.473769044023451,AOI-0025
2016-06-18,0.397606608038321,AOI-0025
2016-07-11,0.32887741008123017,AOI-0025
2016-07-27,0.27945042656429275,AOI-0025
2016-08-12,0.2781622082273294,AOI-0025
2016-09-13,0.2599652705366982,AOI-0025
2016-10-15,0.30556143193965707,AOI-0025
2016-10-24,0.20866366836180045,AOI-0025
2017-04-02,0.20778546436552214,AOI-0025
2017-04-23,0.43083111022739334,AOI-0025
2017-05-25,0.6234956795008115,AOI-0025
2017-07-28,0.5389938219351285,AOI-0025
2017-07-31,0.6291644506651071,AOI-0025
2017-08-09,0.3088690916248398,AOI-0025
2017-08-29,0.21456276221439316,AOI-0025
2018-07-26,0.26510275059963345,AOI-0025
2018-09-12,0.20098677695800815,AOI-0025
2019-04-07,0.35783641759551377,AOI-0025
2019-05-02,0.26913836685963266,AOI-0025
2019-06-27,0.1790044654682743,AOI-0025
2019-08-06,0.19112856046898913,AOI-0025
2019-08-19,0.14532635035374808,AOI-0025
2019-08-22,0.2049804243512682,AOI-0025
2019-08-29,0.1790190337747493,AOI-0025
2019-09-14,0.24372864853822268,AOI-0025
2019-09-23,0.14268322185898127,AOI-0025
2019-10-23,0.6013203756224011,AOI-0025
2020-05-30,0.8501985178556182,AOI-0025
2020-08-13,0.161864290933067,AOI-0025
2020-09-22,0.13290062527810934,AOI-0025
2020-10-12,0.13313164439384134,AOI-0025
2021-05-31,0.8757555660182781,AOI-0025
2021-06-24,0.6928083550701492,AOI-0025
2021-07-14,0.16262307458302125,AOI-0025
2021-07-28,0.26850137659149415,AOI-0025
2021-09-14,0.23469490673349183,AOI-0025
2021-10-16,0.28605166833399404,AOI-0025
2022-06-09,0.8619270596737977,AOI-0025
2022-06-11,0.8421672742203015,AOI-0025
2022-06-13,0.8218209849506772,AOI-0025
2022-06-29,0.31033531524213687,AOI-0025
2022-07-21,0.14971835833435224,AOI-0025
2022-08-13,0.16681217705829024,AOI-0025
2022-08-14,0.19555006491298108,AOI-0025
2022-08-29,0.21764697776349975,AOI-0025
2022-09-30,0.25605909662257714,AOI-0025
2023-05-09,0.5157635341317084,AOI-0025
2023-05-15,0.22480297450336795,AOI-0025
2023-06-26,0.7052401677346345,AOI-0025
2023-07-16,0.7457046026264379,AOI-0025
2023-08-01,0.7814461523147211,AOI-0025
2023-08-13,0.6718893313816388,AOI-0025
2023-09-30,0.27395699179762917,AOI-0025
2024-05-07,0.819440366358774,AOI-0025
2024-05-23,0.7702981077508352,AOI-0025
2024-07-18,0.1402387354846301,AOI-0025
2024-07-28,0.1381102935410135,AOI-0025
2024-08-12,0.16225177767288707,AOI-0025
2024-08-17,0.1384818758494421,AOI-0025
2024-09-16,0.14199778315787712,AOI-0025
2024-09-26,0.142883127189589,AOI-0025
2024-10-11,0.13842788045573498,AOI-0025
2024-10-30,0.196457722232203,AOI-0025
2010-08-13,0.2074335241457987,AOI-0029
2010-08-29,0.1912186526824999,AOI-0029
2011-04-26,0.3918760295004898,AOI-0029
2012-05-24,0.6212192167374273,AOI-0029
2012-06-09,0.6593350954530804,AOI-0029
2012-07-27,0.37924402848397476,AOI-0029
2012-09-27,0.18046847472402283,AOI-0029
2013-04-15,0.7602430101187472,AOI-0029
2013-05-09,0.8192945170886154,AOI-0029
2014-05-20,0.32058183198601053,AOI-0029
2014-06-10,0.33538723888613525,AOI-0029
2014-07-28,0.2315576604077193,AOI-0029
2014-08-13,0.21658021648217352,AOI-0029
2015-04-23,0.7939787895112365,AOI-0029
2016-04-07,0.23978800822933946,AOI-0029
2016-06-18,0.8072087335560907,AOI-0029
2016-07-04,0.7993075914020187,AOI-0029
2016-08-13,0.3986066728411645,AOI-0029
2016-09-29,0.3619422666732643,AOI-0029
2017-04-01,0.4579328964239778,AOI-0029
2017-04-07,0.6546888820513941,AOI-0029
2017-05-01,0.7077204969551555,AOI-0029
2017-06-10,0.5142832736718065,AOI-0029
2017-06-26,0.36963727456374357,AOI-0029
2017-08-04,0.16027097450650024,AOI-0029
2017-08-09,0.1592895580746531,AOI-0029
2017-08-13,0.22842097731945302,AOI-0029
2017-09-01,0.20139625374118864,AOI-0029
2017-09-30,0.2276026962426723,AOI-0029
2018-04-23,0.4165437208854337,AOI-0029
2018-06-16,0.20056476592891315,AOI-0029
2018-09-12,0.17585192752450224,AOI-0029
2018-09-18,0.15809374294970543,AOI-0029
2018-09-30,0.25543224443145107,AOI-0029
2019-04-11,0.5525409486133761,AOI-0029
2019-04-23,0.7420690361719231,AOI-0029
2019-06-05,0.8282238873343482,AOI-0029
2019-06-15,0.6599911305210091,AOI-0029
2019-06-25,0.23142703222136382,AOI-0029
2019-07-25,0.14333813014845886,AOI-0029
2019-07-28,0.235605013914945,AOI-0029
2019-09-13,0.13953127956780764,AOI-0029
2019-09-23,0.10513097589349962,AOI-0029
2020-04-02,0.19505023916290748,AOI-0029
2020-04-06,0.3398318195967141,AOI-0029
2020-05-20,0.579272853863262,AOI-0029
2020-07-14,0.13230155184663003,AOI-0029
2020-07-23,0.20706528672890148,AOI-0029
2020-08-03,0.14509378418131363,AOI-0029
2020-09-02,0.15134304903450735,AOI-0029
2020-09-17,0.141057159411333,AOI-0029
2020-09-25,0.19670773626925842,AOI-0029
2021-04-21,0.553875620106089,AOI-0029
2021-05-07,0.7988247102786622,AOI-0029
2021-05-23,0.9081703389323541,AOI-0029
2021-06-16,0.771651936719047,AOI-0029
2021-06-19,0.7769579117521487,AOI-0029
2021-06-26,0.5415524045538463,AOI-0029
2021-07-10,0.29041132607237735,AOI-0029
2021-09-17,0.17708538913391283,AOI-0029
2021-10-07,0.17634374123638788,AOI-0029
2021-10-22,0.2212804890956288,AOI-0029
2021-10-27,0.25453172020608894,AOI-0029
2022-04-10,0.2042265604217101,AOI-0029
2022-04-15,0.2617966857659954,AOI-0029
2022-06-09,0.4155837843637302,AOI-0029
2022-06-19,0.6955589607768777,AOI-0029
2022-07-05,0.7762941679162295,AOI-0029
2022-07-12,0.6365289551817654,AOI-0029
2022-08-03,0.6608258615107283,AOI-0029
2022-08-29,0.34660774033278585,AOI-0029
2022-09-17,0.18638675578393685,AOI-0029
2023-06-30,0.4009004914182238,AOI-0029
2023-07-12,0.3496066605012745,AOI-0029
2023-07-28,0.31901881964850515,AOI-0029
2023-08-01,0.2238219517031187,AOI-0029
2023-08-09,0.3273528108597028,AOI-0029
2023-08-25,0.17784801459468588,AOI-0029
2023-09-22,0.13960292290404472,AOI-0029
2023-09-24,0.1456261430887357,AOI-0029
2024-05-24,0.24754095578575702,AOI-0029
2024-06-24,0.18876317986405955,AOI-0029
2024-06-28,0.12544297234422735,AOI-0029
2024-07-03,0.1272345965359083,AOI-0029
2024-07-11,0.1971846298270124,AOI-0029
2024-09-28,0.16327757719014982,AOI-0029
2010-04-26,0.3249207029020497,AOI-0034
2010-05-28,0.6227074599964949,AOI-0034
2010-06-12,0.6547465851983055,AOI-0034
2010-07-31,0.22954872146855512,AOI-0034
2011-04-07,0.3459036707937728,AOI-0034
2011-04-28,0.30242279299026176,AOI-0034
2011-06-16,0.26565779274222634,AOI-0034
2011-06-26,0.2893613017181298,AOI-0034
2011-07-26,0.19458821770148466,AOI-0034
2011-08-18,0.17844794502504405,AOI-0034
2011-09-27,0.2561249447702751,AOI-0034
2011-09-30,0.3583580583311529,AOI-0034
2012-05-01,0.6547745522139514,AOI-0034
2012-05-17,0.5902084045962483,AOI-0034
2012-05-24,0.49618022098760717,AOI-0034
2012-06-09,0.36633494948556494,AOI-0034
2012-06-25,0.29014910862861454,AOI-0034
2012-07-27,0.17931055337398258,AOI-0034
2012-08-12,0.2059544931810705,AOI-0034
2013-04-02,0.15157396911277865,AOI-0034
2013-04-18,0.29308278165275775,AOI-0034
2013-05-11,0.37658911906870157,AOI-0034
2013-06-13,0.19649642109709728,AOI-0034
2013-06-21,0.16710094730954533,AOI-0034
2013-07-14,0.19055458729783886,AOI-0034
2013-08-23,0.2138421171538331,AOI-0034
2013-10-10,0.36132566572675795,AOI-0034
2014-07-10,0.14072111200134904,AOI-0034
2014-10-29,0.18160552746416725,AOI-0034
2015-04-24,0.2059569929420377,AOI-0034
2015-05-26,0.22022929796351692,AOI-0034
2015-07-04,0.16888289640121157,AOI-0034
2015-08-13,0.17806862297537104,AOI-0034
2015-08-29,0.17610400961746683,AOI-0034
2015-09-07,0.17140016008513773,AOI-0034
2015-09-15,0.14538475481807295,AOI-0034
2015-09-22,0.16815860423461948,AOI-0034
2015-10-08,0.1750499922197835,AOI-0034
2016-06-12,0.5348040725372344,AOI-0034
2016-06-21,0.26519146486559814,AOI-0034
2016-07-27,0.19881703612726656,AOI-0034
2016-08-31,0.17604391631487765,AOI-0034
2016-10-15,0.23715411575545003,AOI-0034
2016-10-26,0.1888140915311289,AOI-0034
2017-04-03,0.15414534304837582,AOI-0034
2017-04-04,0.16008176256003462,AOI-0034
2017-05-07,0.22184407611628976,AOI-0034
2017-06-10,0.3201242862057302,AOI-0034
2017-07-17,0.18008149819862623,AOI-0034
2017-07-25,0.15821508552872074,AOI-0034
2017-08-02,0.1515823321823217,AOI-0034
2017-08-06,0.13149786582972633,AOI-0034
2017-08-19,0.13707440712092805,AOI-0034
2017-09-11,0.17560958481774916,AOI-0034
2017-09-28,0.29584363238915135,AOI-0034
2018-04-28,0.7791761400215372,AOI-0034
2018-05-17,0.8175771066844281,AOI-0034
2018-05-30,0.6854390516265085,AOI-0034
2018-06-11,0.36737205694355096,AOI-0034
2018-06-27,0.17325916002933955,AOI-0034
2018-09-05,0.1188606110001574,AOI-0034
2019-04-23,0.22251221756804096,AOI-0034
2019-05-18,0.17344446692450824,AOI-0034
2019-05-29,0.20682652171811858,AOI-0034
2019-06-04,0.14996890488953954,AOI-0034
2019-06-17,0.15197271151992137,AOI-0034
2019-06-22,0.14030556952664974,AOI-0034
2019-06-24,0.14476998414208936,AOI-0034
2019-06-27,0.13469818307099074,AOI-0034
2019-07-19,0.08276956973118296,AOI-0034
2019-07-29,0.14709217890822804,AOI-0034
2019-08-11,0.14751111749246698,AOI-0034
2019-08-13,0.1670336979879096,AOI-0034
2019-09-02,0.1576621574695335,AOI-0034
2019-09-14,0.2336426127518516,AOI-0034
2019-09-17,0.1604848774393825,AOI-0034
2019-10-22,0.7004442361556443,AOI-0034
2020-04-14,0.725909956273721,AOI-0034
2020-04-17,0.7707938960015184,AOI-0034
2020-04-29,0.7377306112603711,AOI-0034
2020-05-04,0.712976388779659,AOI-0034
2020-05-24,0.6612608789172113,AOI-0034
2020-05-31,0.6582806108363386,AOI-0034
2020-06-03,0.6075247348529449,AOI-0034
2020-07-10,0.1328509699603891,AOI-0034
2020-07-16,0.1105121937486794,AOI-0034
2020-07-23,0.0902175284130365,AOI-0034
2020-07-25,0.1491700537218647,AOI-0034
2020-07-28,0.10541683535672505,AOI-0034
2020-07-31,0.12529116084762507,AOI-0034
2020-08-07,0.11592331851952416,AOI-0034
2020-08-11,0.13968202029159094,AOI-0034
2020-09-03,0.12061626399995683,AOI-0034
2020-09-04,0.12897113844363878,AOI-0034
2020-09-29,0.150389821044643,AOI-0034
2020-10-15,0.16616458705782872,AOI-0034
2021-04-12,0.15450908080135986,AOI-0034
2021-04-22,0.14544308073300447,AOI-0034
2021-05-01,0.17731035474343582,AOI-0034
2021-05-07,0.1547671675111455,AOI-0034
2021-05-10,0.19492805301154048,AOI-0034
2021-05-29,0.1594886756271342,AOI-0034
2021-07-26,0.12394418769874348,AOI-0034
2021-07-28,0.1401837051969637,AOI-0034
2021-07-31,0.13097998428157398,AOI-0034
2021-08-02,0.1255887796927872,AOI-0034
2021-08-06,0.17395617343173095,AOI-0034
2021-08-17,0.10597264017728344,AOI-0034
2021-08-29,0.18486194609818873,AOI-0034
2021-09-11,0.11100585330023137,AOI-0034
2021-09-14,0.16256009217682285,AOI-0034
2021-09-15,0.15403403528492657,AOI-0034
2021-10-06,0.3258677823277711,AOI-0034
2021-10-09,0.3478104791677984,AOI-0034
2022-04-12,0.6693363329960001,AOI-0034
2022-05-29,0.7889246674639879,AOI-0034
2022-06-11,0.4407624759214884,AOI-0034
2022-06-20,0.3046164077932737,AOI-0034
2022-06-30,0.2692313967530502,AOI-0034
2022-08-25,0.13252412928167878,AOI-0034
2022-09-06,0.13364675178785346,AOI-0034
2022-09-09,0.12425483896615361,AOI-0034
2022-10-01,0.13895758236211458,AOI-0034
2022-10-06,0.1574363205064746,AOI-0034
2023-04-04,0.20610371569813093,AOI-0034
2023-04-17,0.17348374985995327,AOI-0034
2023-04-23,0.35121176009530053,AOI-0034
2023-05-31,0.182932802771544,AOI-0034
2023-07-21,0.15659872086096527,AOI-0034
2023-07-23,0.1534216814791886,AOI-0034
2023-07-28,0.19395286951572677,AOI-0034
2023-08-08,0.16782175133797766,AOI-0034
2023-08-17,0.14152823743593537,AOI-0034
2023-09-26,0.24302508991083674,AOI-0034
2023-09-28,0.29029635249569224,AOI-0034
2023-09-30,0.37204986865191103,AOI-0034
2023-10-01,0.2969430069071911,AOI-0034
2024-04-28,0.7940022549442062,AOI-0034
2024-05-09,0.8016966406678971,AOI-0034
2024-05-10,0.7808573726250622,AOI-0034
2024-05-21,0.7287430559014347,AOI-0034
2024-06-26,0.24134717589274154,AOI-0034
2024-08-16,0.12368077344250056,AOI-0034
2024-09-06,0.14301289201250622,AOI-0034
2024-09-07,0.14561796927833465,AOI-0034
2024-09-13,0.1346515990007415,AOI-0034
2024-09-14,0.14967206104791467,AOI-0034
2024-10-05,0.12413912909301995,AOI-0034
2024-10-09,0.1760706955249234,AOI-0034
2024-10-15,0.1736867728967428,AOI-0034
2024-10-25,0.12188374035872845,AOI-0034
2024-10-30,0.12811507467462072,AOI-0034
2010-05-28,0.3433238152173615,AOI-0036
2010-06-10,0.42274265138949585,AOI-0036
2010-07-06,0.3124530215538861,AOI-0036
2010-07-07,0.3094527367551481,AOI-0036
2010-07-28,0.25125140776912747,AOI-0036
2010-07-30,0.23106523167689377,AOI-0036
2010-09-01,0.14690284838478834,AOI-0036
2010-09-14,0.19443725326243733,AOI-0036
2010-09-30,0.21580428503807322,AOI-0036
2011-07-01,0.40612840320405275,AOI-0036
2011-07-12,0.34631508551470697,AOI-0036
2012-04-22,0.5415722588414323,AOI-0036
2012-07-20,0.22938306376005785,AOI-0036
2012-07-27,0.2572031436798476,AOI-0036
2012-09-06,0.15860510888956983,AOI-0036
2012-09-13,0.1730419181599512,AOI-0036
2012-09-29,0.18185261871359223,AOI-0036
2012-10-15,0.21336760602382696,AOI-0036
2013-04-02,0.1748363098566253,AOI-0036
2013-06-10,0.32983606228002604,AOI-0036
2013-06-26,0.34066735203657134,AOI-0036
2013-06-28,0.28512367792819954,AOI-0036
2013-09-14,0.3592743040565648,AOI-0036
2013-10-10,0.2841273416328622,AOI-0036
2014-04-23,0.501067229466303,AOI-0036
2014-05-25,0.43442690070196466,AOI-0036
2014-06-24,0.2516666011396236,AOI-0036
2014-08-02,0.1610217572791741,AOI-0036
2014-10-05,0.1735354799648528,AOI-0036
2014-10-14,0.1911597534267402,AOI-0036
2015-05-25,0.4556860931500056,AOI-0036
2015-07-28,0.20131845860481287,AOI-0036
2015-08-06,0.17632620146313205,AOI-0036
2015-09-06,0.1410322844119904,AOI-0036
2015-09-30,0.1856591038434578,AOI-0036
2016-06-09,0.3706062895216802,AOI-0036
2016-07-15,0.30101881630503247,AOI-0036
2016-07-27,0.3224922522498574,AOI-0036
2016-08-23,0.2265431508838994,AOI-0036
2016-09-25,0.18157949521781544,AOI-0036
2016-10-26,0.24040146895169187,AOI-0036
2017-04-12,0.34878782074051934,AOI-0036
2017-07-04,0.18944868824325753,AOI-0036
2017-07-25,0.23153406591545242,AOI-0036
2017-07-28,0.2570287225950741,AOI-0036
2017-08-18,0.1750685052872595,AOI-0036
2017-08-21,0.14804551540076033,AOI-0036
2017-08-26,0.14901758356149009,AOI-0036
2017-08-27,0.1860770932778376,AOI-0036
2017-09-04,0.17050481217218455,AOI-0036
2018-06-03,0.3876382313342774,AOI-0036
2018-06-26,0.23156489658146462,AOI-0036
2018-07-12,0.19986939174897755,AOI-0036
2018-08-22,0.17055891035941018,AOI-0036
2018-08-29,0.17778764901403782,AOI-0036
2018-09-05,0.14184454909530927,AOI-0036
2018-09-06,0.1681864225901699,AOI-0036
2018-10-01,0.1562360857551252,AOI-0036
2018-10-09,0.17965370285772098,AOI-0036
2018-10-12,0.17596378916891822,AOI-0036
2019-05-21,0.5520117472773902,AOI-0036
2019-05-25,0.5199259099870661,AOI-0036
2019-05-29,0.4894253330882414,AOI-0036
2019-06-04,0.3733729838311378,AOI-0036
2019-06-17,0.20164173465798846,AOI-0036
2019-07-12,0.1918959416811134,AOI-0036
2019-07-28,0.2504691406722106,AOI-0036
2019-07-29,0.20873844363533114,AOI-0036
2019-08-01,0.22540911027487293,AOI-0036
2019-08-26,0.1759702063015336,AOI-0036
2019-08-29,0.19767823213634514,AOI-0036
2019-09-15,0.15353117548233103,AOI-0036
2019-10-15,0.3296422930668237,AOI-0036
2019-10-19,0.40721616510761116,AOI-0036
2019-10-22,0.4493520684630483,AOI-0036
2020-04-04,0.477859948858129,AOI-0036
2020-04-06,0.5028681599873643,AOI-0036
2020-05-24,0.4951697988133321,AOI-0036
2020-05-29,0.41716611079397387,AOI-0036
2020-06-11,0.33836784173114703,AOI-0036
2020-08-10,0.13258232946458573,AOI-0036
2020-08-19,0.16394002148872255,AOI-0036
2020-08-26,0.17409952540755036,AOI-0036
2020-08-28,0.18744191992858236,AOI-0036
2020-09-20,0.17972583806627387,AOI-0036
2020-10-19,0.12845299828719572,AOI-0036
2020-10-26,0.12890248088167658,AOI-0036
2021-06-26,0.25376473011299233,AOI-0036
2021-07-21,0.17423485013820755,AOI-0036
2021-07-26,0.17559307963321483,AOI-0036
2021-08-06,0.22598310494188756,AOI-0036
2021-08-17,0.22763893226322454,AOI-0036
2021-10-14,0.33280852967573626,AOI-0036
2022-04-07,0.3914245593657655,AOI-0036
2022-06-14,0.29130143615161025,AOI-0036
2022-06-26,0.24006446275698604,AOI-0036
2022-07-07,0.23525787217245836,AOI-0036
2022-07-21,0.14838820197118863,AOI-0036
2022-08-13,0.158051243160829,AOI-0036
2022-08-22,0.1435266969042443,AOI-0036
2022-08-24,0.1696131301321083,AOI-0036
2022-09-14,0.19194849518064702,AOI-0036
2022-09-18,0.15468371055789534,AOI-0036
2023-04-17,0.4063656580086554,AOI-0036
2023-05-09,0.6681999178596014,AOI-0036
2023-06-18,0.35494629748142065,AOI-0036
2023-06-25,0.38998980692488316,AOI-0036
2023-07-02,0.38486729080342164,AOI-0036
2023-08-17,0.1928661163273593,AOI-0036
2023-09-29,0.16384008300701472,AOI-0036
2023-10-16,0.23528722435454374,AOI-0036
2023-10-23,0.21315679491510525,AOI-0036
2024-04-13,0.37736619843889824,AOI-0036
2024-05-06,0.523136414953938,AOI-0036
2024-05-10,0.4605026293680049,AOI-0036
2024-05-16,0.4322143443896171,AOI-0036
2024-05-18,0.421686189950705,AOI-0036
2024-05-23,0.3795482389133616,AOI-0036
2024-06-07,0.20919448084313297,AOI-0036
2024-07-22,0.13890573868952402,AOI-0036
2024-07-25,0.1363048795063986,AOI-0036
2024-08-21,0.14229602141435344,AOI-0036
2024-08-28,0.16343919284153047,AOI-0036
2024-09-15,0.13706199102016184,AOI-0036
2024-09-22,0.15905108226372025,AOI-0036
2024-09-25,0.13450030951219763,AOI-0036
2024-09-28,0.1366630887064088,AOI-0036
2010-04-07,0.355051027010818,AOI-0039
2010-05-04,0.451984649398961,AOI-0039
2010-05-28,0.5723085826081205,AOI-0039
2010-07-15,0.48862208326010703,AOI-0039
2010-09-30,0.365464606963387,AOI-0039
2012-04-06,0.388554572231398,AOI-0039
2012-09-06,0.38181038674268997,AOI-0039
2013-04-05,0.31977630462261036,AOI-0039
2013-06-13,0.4649700890014483,AOI-0039
2013-06-26,0.43964444454097795,AOI-0039
2013-07-12,0.37491974840676257,AOI-0039
2013-09-14,0.5160446506284404,AOI-0039
2014-04-07,0.5131779959320105,AOI-0039
2014-06-08,0.4949411404850839,AOI-0039
2014-06-23,0.45887133387069856,AOI-0039
2014-08-02,0.3333551233295716,AOI-0039
2014-09-04,0.3232977596247551,AOI-0039
2015-04-24,0.45891105367709356,AOI-0039
2015-05-10,0.505077608304387,AOI-0039
2015-06-10,0.47096576644631455,AOI-0039
2015-07-28,0.41468795665200736,AOI-0039
2015-08-14,0.38215316104180413,AOI-0039
2015-08-21,0.38085420407668513,AOI-0039
2015-09-22,0.43481636719247363,AOI-0039
2015-09-23,0.45117761755068336,AOI-0039
2016-04-25,0.618572001197753,AOI-0039
2016-05-08,0.649760576264558,AOI-0039
2016-07-06,0.4490744487648908,AOI-0039
2016-09-08,0.2999765349424217,AOI-0039
2016-10-03,0.37484427760508576,AOI-0039
2016-10-15,0.39209975488692944,AOI-0039
2016-10-18,0.40284863499661444,AOI-0039
2017-04-13,0.4263227287111656,AOI-0039
2017-05-09,0.5705661596601616,AOI-0039
2017-08-13,0.364599572933706,AOI-0039
2017-08-19,0.4022248305834436,AOI-0039
2017-09-10,0.4625886429556806,AOI-0039
2017-09-11,0.45094495754613406,AOI-0039
2017-09-17,0.5072336736136173,AOI-0039
2017-09-22,0.5192670755326896,AOI-0039
2018-05-01,0.5664253046752246,AOI-0039
2018-08-14,0.4015175277976708,AOI-0039
2018-08-21,0.4053361242014379,AOI-0039
2018-08-29,0.37147040985661234,AOI-0039
2019-04-25,0.5131453002398989,AOI-0039
2019-06-02,0.6481312428098591,AOI-0039
2019-06-10,0.48511567816579965,AOI-0039
2019-06-14,0.49383092908676324,AOI-0039
2019-07-04,0.3875242897401426,AOI-0039
2019-07-17,0.3678721853096485,AOI-0039
2019-08-01,0.48458720629652735,AOI-0039
2019-08-09,0.4862380992697834,AOI-0039
2019-08-11,0.4845290272045379,AOI-0039
2019-08-31,0.41174159845664415,AOI-0039
2019-09-12,0.3617526746817094,AOI-0039
2019-10-02,0.44361582513374315,AOI-0039
2019-10-11,0.5071530857036063,AOI-0039
2019-10-12,0.4236395845943312,AOI-0039
2019-10-16,0.5718738289154662,AOI-0039
2019-10-17,0.503892420074803,AOI-0039
2019-10-25,0.48551231045942467,AOI-0039
2020-04-12,0.3942869751780753,AOI-0039
2020-04-21,0.4293185478418552,AOI-0039
2020-04-24,0.4245893649923502,AOI-0039
2020-05-14,0.5548222188749798,AOI-0039
2020-05-29,0.5525520946959033,AOI-0039
2020-06-28,0.5002907748844586,AOI-0039
2020-07-23,0.32794964173582997,AOI-0039
2020-07-25,0.35357857757496286,AOI-0039
2020-07-26,0.31192123480978684,AOI-0039
2020-08-03,0.3766153140996644,AOI-0039
2020-08-07,0.3273490448312993,AOI-0039
2020-08-18,0.3697607949262834,AOI-0039
2020-08-19,0.3889226969481064,AOI-0039
2020-08-27,0.30159621452056007,AOI-0039
2020-09-09,0.3177234335096045,AOI-0039
2020-10-11,0.2469396957893331,AOI-0039
2020-10-26,0.2514483659940721,AOI-0039
2021-04-23,0.49933238338518043,AOI-0039
2021-05-12,0.5861860132512726,AOI-0039
2021-05-17,0.6087530825908914,AOI-0039
2021-05-22,0.5822548521095865,AOI-0039
2021-06-26,0.4632939324842483,AOI-0039
2021-07-26,0.4494657390617357,AOI-0039
2021-08-07,0.4352388567401786,AOI-0039
2021-08-25,0.4305706004917524,AOI-0039
2021-08-29,0.4245741253855863,AOI-0039
2021-09-06,0.48732553454159183,AOI-0039
2021-09-19,0.45571318318867476,AOI-0039
2021-10-09,0.45482336737531137,AOI-0039
2022-04-12,0.41302330002881094,AOI-0039
2022-05-28,0.7588947955049806,AOI-0039
2022-06-05,0.7079819299167368,AOI-0039
2022-06-16,0.595928951064351,AOI-0039
2022-07-06,0.518529044201453,AOI-0039
2022-07-08,0.4881347965679709,AOI-0039
2022-08-13,0.339966380464152,AOI-0039
2022-08-30,0.3266017003704297,AOI-0039
2022-10-01,0.44351017133127346,AOI-0039
2023-05-09,0.6347018118564384,AOI-0039
2023-06-13,0.7284297038280236,AOI-0039
2023-06-21,0.6344011466823958,AOI-0039
2023-06-23,0.6012472498082896,AOI-0039
2023-07-28,0.37896415520475374,AOI-0039
2023-07-31,0.4176521306103949,AOI-0039
2023-08-18,0.4149729084057175,AOI-0039
2023-09-30,0.39352743568360393,AOI-0039
2023-10-06,0.434707571488811,AOI-0039
2023-10-11,0.43619283720064145,AOI-0039
2023-10-15,0.4678149937597754,AOI-0039
2023-10-29,0.4355859085332689,AOI-0039
2024-04-08,0.48061088083597775,AOI-0039
2024-05-23,0.6291194998111579,AOI-0039
2024-06-09,0.4779697780841487,AOI-0039
2024-06-19,0.5056086306664344,AOI-0039
2024-07-15,0.3625405936309573,AOI-0039
2024-07-21,0.41086459681757703,AOI-0039
2024-08-21,0.32776389105220594,AOI-0039
2024-08-31,0.31729296436901944,AOI-0039
2024-09-13,0.273246364876111,AOI-0039
2024-09-18,0.32010684023545494,AOI-0039
2024-10-30,0.233242421022872,AOI-0039
2010-06-04,0.18196376537183734,AOI-0042
2010-06-05,0.179376422833126,AOI-0042
2010-07-15,0.1645029782261004,AOI-0042
2010-08-15,0.12635179083615242,AOI-0042
2010-08-31,0.14158308781963494,AOI-0042
2010-10-16,0.21372978975757967,AOI-0042
2011-05-14,0.637948105411625,AOI-0042
2011-05-30,0.7247189129455243,AOI-0042
2011-07-02,0.2334337629763352,AOI-0042
2011-07-28,0.22602560456414525,AOI-0042
2011-08-13,0.23052609802518587,AOI-0042
2011-08-29,0.2554677182343554,AOI-0042
2011-09-27,0.2590097030093646,AOI-0042
2011-10-16,0.3559030339322772,AOI-0042
2012-06-25,0.2226504328706628,AOI-0042
2012-07-20,0.21971866693387254,AOI-0042
2012-08-28,0.2509550275892139,AOI-0042
2013-04-26,0.197407321420258,AOI-0042
2013-05-11,0.2114592666533768,AOI-0042
2013-06-13,0.3894260148264906,AOI-0042
2013-09-08,0.24792248363875105,AOI-0042
2014-04-05,0.23197667724446464,AOI-0042
2014-06-16,0.22759274999046544,AOI-0042
2014-10-16,0.1591542165987781,AOI-0042
2015-07-13,0.19098797138509746,AOI-0042
2015-08-29,0.19234874451258221,AOI-0042
2015-09-06,0.15353450203948965,AOI-0042
2015-09-23,0.20125177011900108,AOI-0042
2015-10-16,0.2499895943588228,AOI-0042
2016-06-21,0.22971501924988902,AOI-0042
2016-07-15,0.16717429602538636,AOI-0042
2016-08-16,0.18665697808666437,AOI-0042
2017-04-13,0.16833071722141926,AOI-0042
2017-04-28,0.17048633776060343,AOI-0042
2017-05-07,0.20404811024834507,AOI-0042
2017-05-23,0.1963139212674796,AOI-0042
2017-06-07,0.18711127522070853,AOI-0042
2017-06-08,0.1917113720158688,AOI-0042
2017-07-25,0.17282427412048246,AOI-0042
2017-07-26,0.19953689440083439,AOI-0042
2017-08-03,0.16083988786363462,AOI-0042
2017-08-06,0.14431206627386056,AOI-0042
2017-08-13,0.17300086923546873,AOI-0042
2017-08-19,0.13946705102663615,AOI-0042
2017-08-26,0.12527778281354623,AOI-0042
2017-10-05,0.20575475712037386,AOI-0042
2018-05-05,0.6592271741249619,AOI-0042
2018-05-25,0.5222583179100676,AOI-0042
2018-06-12,0.28250554510536585,AOI-0042
2018-08-21,0.18974721607488268,AOI-0042
2018-10-01,0.2185010112011692,AOI-0042
2019-04-10,0.15977938874549222,AOI-0042
2019-04-27,0.2017399459946424,AOI-0042
2019-06-21,0.16279077873045422,AOI-0042
2019-06-22,0.12928752766749227,AOI-0042
2019-08-03,0.14492146349940566,AOI-0042
2019-08-16,0.13433654435779974,AOI-0042
2019-08-26,0.1330610480195031,AOI-0042
2019-09-02,0.1561102675659506,AOI-0042
2019-09-10,0.14951989300355878,AOI-0042
2019-09-22,0.15296270078720817,AOI-0042
2019-10-19,0.5321005312053841,AOI-0042
2019-10-20,0.5289214441060267,AOI-0042
2019-10-28,0.5446777519865513,AOI-0042
2020-04-06,0.7485278305325875,AOI-0042
2020-05-04,0.7445781725214978,AOI-0042
2020-07-03,0.1533646024234409,AOI-0042
2020-07-25,0.16228677888188833,AOI-0042
2020-08-27,0.09995080137037148,AOI-0042
2020-09-29,0.14574162634852061,AOI-0042
2021-04-07,0.15522741928379605,AOI-0042
2021-04-12,0.1438150291972653,AOI-0042
2021-05-17,0.161531882545846,AOI-0042
2021-06-23,0.13742873949756557,AOI-0042
2021-07-01,0.12248757944900865,AOI-0042
2021-07-11,0.13067156066519173,AOI-0042
2021-07-13,0.14579686200194214,AOI-0042
2021-07-21,0.11949240027657872,AOI-0042
2021-07-28,0.15563295763945417,AOI-0042
2021-07-31,0.12499262542901522,AOI-0042
2021-08-17,0.13191618754795323,AOI-0042
2021-09-14,0.14194742587382525,AOI-0042
2022-04-12,0.5621355862261933,AOI-0042
2022-04-27,0.7622691160916641,AOI-0042
2022-05-09,0.7508345027187717,AOI-0042
2022-05-14,0.761786821387521,AOI-0042
2022-05-25,0.7280825132714713,AOI-0042
2022-06-05,0.7571367519163019,AOI-0042
2022-06-21,0.26109861889633806,AOI-0042
2022-07-24,0.13707510810343962,AOI-0042
2022-08-10,0.14147388834134964,AOI-0042
2022-08-17,0.10748273353881685,AOI-0042
2022-09-14,0.17367903433856324,AOI-0042
2022-10-19,0.1536151619747034,AOI-0042
2023-04-23,0.31893496530799864,AOI-0042
2023-05-02,0.18113323754786415,AOI-0042
2023-05-19,0.20033207526262287,AOI-0042
2023-06-08,0.16478504727019155,AOI-0042
2023-06-10,0.2911305977044001,AOI-0042
2023-06-21,0.12948819038676532,AOI-0042
2023-06-23,0.15281447937718154,AOI-0042
2023-06-26,0.1765232190680195,AOI-0042
2023-07-03,0.17614403129693426,AOI-0042
2023-07-06,0.13732354696609522,AOI-0042
2023-07-28,0.1847468321701334,AOI-0042
2023-08-07,0.14339611855250506,AOI-0042
2023-08-08,0.1362425253652917,AOI-0042
2023-08-15,0.13965566827137754,AOI-0042
2023-08-20,0.12294070624790929,AOI-0042
2023-09-01,0.13429432592032078,AOI-0042
2023-10-01,0.16461928530216996,AOI-0042
2023-10-09,0.17103193974185738,AOI-0042
2023-10-30,0.4244519374852574,AOI-0042
2024-05-17,0.7837848830155398,AOI-0042
2024-05-23,0.7404942200638626,AOI-0042
2024-06-11,0.31400366276777425,AOI-0042
2024-06-18,0.2689990379127288,AOI-0042
2024-06-19,0.2720739591098171,AOI-0042
2024-07-02,0.17681144075309685,AOI-0042
2024-07-20,0.11311138837485617,AOI-0042
2024-07-29,0.16860517851832216,AOI-0042
2024-07-30,0.10367822199197779,AOI-0042
2024-08-12,0.1382091464572152,AOI-0042
2024-08-13,0.14595506328881383,AOI-0042
2024-08-16,0.09919772570182575,AOI-0042
2024-08-19,0.09402857398590957,AOI-0042
2024-08-21,0.09881646195665392,AOI-0042
2024-08-31,0.10206563341760214,AOI-0042
2024-09-15,0.11386252138204489,AOI-0042
2024-09-23,0.11957605665665379,AOI-0042
2024-09-25,0.12143997903269975,AOI-0042
2024-09-30,0.1140868147817405,AOI-0042
2024-10-01,0.1459100908884674,AOI-0042
2024-10-13,0.0795632576638197,AOI-0042
2024-10-30,0.10600949343354094,AOI-0042
2010-04-24,0.210501761672353,AOI-0047
2010-05-09,0.3405265441654397,AOI-0047
2010-06-26,0.7863784734656513,AOI-0047
2010-07-21,0.7447621016363383,AOI-0047
2010-07-28,0.6581143147698544,AOI-0047
2011-05-25,0.7234565870558194,AOI-0047
2011-07-16,0.3276070276209072,AOI-0047
2011-08-13,0.2704172555928557,AOI-0047
2011-08-29,0.2711250987658752,AOI-0047
2012-07-02,0.336976688150089,AOI-0047
2012-07-18,0.2998856615094929,AOI-0047
2012-09-29,0.23461697794355307,AOI-0047
2013-06-11,0.23416187396854812,AOI-0047
2013-07-21,0.31957487457773576,AOI-0047
2014-06-30,0.2825283392923639,AOI-0047
2014-07-12,0.30957196233347933,AOI-0047
2014-07-16,0.24573401807453624,AOI-0047
2015-06-01,0.7848489513701786,AOI-0047
2015-07-11,0.3783217473326628,AOI-0047
2015-09-14,0.2799915701857116,AOI-0047
2016-06-25,0.7665472763276201,AOI-0047
2016-08-28,0.41490804547842164,AOI-0047
2016-09-13,0.38775942372094274,AOI-0047
2016-10-09,0.2696370698888276,AOI-0047
2017-04-03,0.1932872159832117,AOI-0047
2017-04-07,0.35113460443256,AOI-0047
2017-04-28,0.3089838411260296,AOI-0047
2017-07-28,0.23684442455740362,AOI-0047
2018-05-09,0.33967760227787797,AOI-0047
2018-06-09,0.2240766452569578,AOI-0047
2018-06-10,0.261350557905696,AOI-0047
2018-06-15,0.17686158427098528,AOI-0047
2018-07-02,0.1863032020481597,AOI-0047
2018-07-28,0.3396478426373819,AOI-0047
2018-09-29,0.21234067362396733,AOI-0047
2018-10-07,0.1884987080172313,AOI-0047
2019-05-27,0.9193651852169714,AOI-0047
2019-05-28,0.9080475162529053,AOI-0047
2019-06-15,0.5680544477335577,AOI-0047
2019-06-30,0.2583358547262077,AOI-0047
2019-08-19,0.35320294002843,AOI-0047
2019-08-29,0.3052903620538022,AOI-0047
2019-08-31,0.25882350185011466,AOI-0047
2019-09-14,0.33254189464201983,AOI-0047
2019-09-30,0.36046327178408744,AOI-0047
2019-10-13,0.4179355265402794,AOI-0047
2019-10-16,0.48851988218951714,AOI-0047
2020-04-06,0.3178756524285926,AOI-0047
2020-04-30,0.18461845488872328,AOI-0047
2020-06-04,0.25381227275671947,AOI-0047
2020-06-16,0.20216559989626126,AOI-0047
2020-07-16,0.1252269612965755,AOI-0047
2020-08-03,0.15656452242694158,AOI-0047
2020-08-08,0.15161554794836962,AOI-0047
2020-10-05,0.15290141374667565,AOI-0047
2020-10-20,0.21469680719428033,AOI-0047
2020-10-22,0.11915676708629619,AOI-0047
2021-05-16,0.8486979777386359,AOI-0047
2021-05-17,0.8214454441162633,AOI-0047
2021-05-20,0.8602857823345267,AOI-0047
2021-06-09,0.8643059487320655,AOI-0047
2021-07-11,0.2717656347776101,AOI-0047
2021-07-19,0.19886241860489048,AOI-0047
2021-08-30,0.27351512815162665,AOI-0047
2021-09-02,0.23489720465469238,AOI-0047
2021-09-07,0.4108056962667253,AOI-0047
2021-10-16,0.6495118686389194,AOI-0047
2022-04-05,0.25623560400994994,AOI-0047
2022-04-10,0.28555971346108794,AOI-0047
2022-05-30,0.20470223444690477,AOI-0047
2022-06-04,0.19882903123187257,AOI-0047
2022-06-08,0.21275841655402253,AOI-0047
2022-06-11,0.1869328952816559,AOI-0047
2022-06-19,0.17370721840802117,AOI-0047
2022-06-21,0.18089245823797132,AOI-0047
2022-07-14,0.15573565832587696,AOI-0047
2022-07-30,0.21323497459142676,AOI-0047
2022-08-07,0.18743529018487554,AOI-0047
2022-08-08,0.16159831709446615,AOI-0047
2022-08-10,0.16250098260594567,AOI-0047
2022-08-13,0.18750289411708532,AOI-0047
2022-08-30,0.16001327208726093,AOI-0047
2022-09-01,0.17887307362542196,AOI-0047
2022-10-18,0.3618651921993286,AOI-0047
2023-06-16,0.7640125740950666,AOI-0047
2023-07-17,0.258361033078448,AOI-0047
2023-07-25,0.2400460279293476,AOI-0047
2023-07-26,0.1860594394074298,AOI-0047
2023-08-05,0.17949597683232993,AOI-0047
2023-08-15,0.17042765866867934,AOI-0047
2023-09-17,0.17423333512571182,AOI-0047
2023-09-22,0.17940195246759127,AOI-0047
2023-09-27,0.18366679501848052,AOI-0047
2023-10-04,0.16660183139543208,AOI-0047
2023-10-22,0.18000380191668947,AOI-0047
2024-04-29,0.2617629941849678,AOI-0047
2024-05-04,0.24079178433927118,AOI-0047
2024-05-24,0.2636599349859309,AOI-0047
2024-06-10,0.26058555542341055,AOI-0047
2024-06-25,0.26947983008018717,AOI-0047
2024-07-30,0.24137211957561955,AOI-0047
2024-09-11,0.18382858112338146,AOI-0047
2024-10-08,0.1406270179411359,AOI-0047
2024-10-13,0.12464821354736245,AOI-0047
2024-10-15,0.2576722735292525,AOI-0047
2010-08-04,0.5495242659669698,AOI-0049
2010-08-28,0.1834589994321478,AOI-0049
2010-09-05,0.1764693914651351,AOI-0049
2010-09-30,0.2822068648355503,AOI-0049
2011-04-26,0.6078127371121902,AOI-0049
2011-05-25,0.8207300456709438,AOI-0049
2011-05-27,0.8371099475156383,AOI-0049
2011-06-12,0.7687881773448614,AOI-0049
2011-07-12,0.34600083190602465,AOI-0049
2011-09-08,0.18957836399624786,AOI-0049
2011-09-24,0.18962501274636664,AOI-0049
2011-10-11,0.2544951733445062,AOI-0049
2011-10-27,0.28825902545038,AOI-0049
2012-05-06,0.22152831122010913,AOI-0049
2012-05-08,0.3904363361304991,AOI-0049
2012-09-18,0.26572755350776317,AOI-0049
2012-10-15,0.2962918314306549,AOI-0049
2013-05-25,0.4609097663459604,AOI-0049
2013-06-17,0.5334183145561534,AOI-0049
2013-07-11,0.7654793548080644,AOI-0049
2013-08-05,0.7061725737270398,AOI-0049
2013-08-20,0.4175747967880508,AOI-0049
2013-09-30,0.31524016479113687,AOI-0049
2013-10-24,0.20615652025533074,AOI-0049
2014-04-18,0.7900760406480974,AOI-0049
2014-05-09,0.8507466598492446,AOI-0049
2014-07-12,0.3118428046167793,AOI-0049
2014-09-16,0.23977869027874185,AOI-0049
2015-04-13,0.20291277731680743,AOI-0049
2015-05-22,0.29863357769740384,AOI-0049
2015-07-12,0.7508729398721488,AOI-0049
2015-07-25,0.79514494077812,AOI-0049
2015-07-28,0.6682067505825677,AOI-0049
2015-09-30,0.20943957101744334,AOI-0049
2015-10-30,0.19922469727035322,AOI-0049
2016-04-22,0.8332197383881402,AOI-0049
2016-08-28,0.2752241273996497,AOI-0049
2016-09-14,0.24386188342649698,AOI-0049
2016-09-29,0.45920946837715565,AOI-0049
2017-06-21,0.8712275110508785,AOI-0049
2017-07-14,0.8184290442522768,AOI-0049
2017-08-13,0.4380244993997222,AOI-0049
2017-09-13,0.23491832600305917,AOI-0049
2017-09-17,0.26228058232350454,AOI-0049
2018-05-09,0.8400679797431,AOI-0049
2018-06-16,0.30650485115349907,AOI-0049
2018-06-24,0.23658751969083483,AOI-0049
2018-07-10,0.18819417541287958,AOI-0049
2018-08-02,0.17936253097547009,AOI-0049
2018-08-10,0.18704138901170314,AOI-0049
2018-08-27,0.17323322151920575,AOI-0049
2018-09-18,0.14772219220380015,AOI-0049
2018-10-06,0.1937356616901598,AOI-0049
2019-04-21,0.20828120295179905,AOI-0049
2019-07-12,0.6149967583751852,AOI-0049
2019-09-03,0.26142957351923496,AOI-0049
2019-09-23,0.15449972649929852,AOI-0049
2020-04-02,0.5216243068313108,AOI-0049
2020-04-18,0.6383475545536847,AOI-0049
2020-04-25,0.738087003607741,AOI-0049
2020-04-26,0.7404275044007623,AOI-0049
2020-05-11,0.8400651678872254,AOI-0049
2020-05-28,0.8457110443552555,AOI-0049
2020-06-05,0.8450647581648563,AOI-0049
2020-07-15,0.20669343414553523,AOI-0049
2020-07-31,0.136763040676306,AOI-0049
2020-08-13,0.13148698498229544,AOI-0049
2020-08-15,0.14222180315330488,AOI-0049
2020-08-31,0.18344798806641005,AOI-0049
2020-09-02,0.14933087970087064,AOI-0049
2020-09-13,0.2263882250352561,AOI-0049
2020-09-27,0.12901806354197562,AOI-0049
2020-10-07,0.14358690758614687,AOI-0049
2021-04-23,0.409238890352418,AOI-0049
2021-06-09,0.5965670640019298,AOI-0049
2021-07-18,0.7888013870913999,AOI-0049
2021-07-19,0.7993327474416644,AOI-0049
2021-07-24,0.7872351698555934,AOI-0049
2021-08-08,0.6852028603986523,AOI-0049
2021-09-27,0.18715017263241338,AOI-0049
2021-09-28,0.22934958812975587,AOI-0049
2022-06-24,0.3891601289048182,AOI-0049
2022-07-13,0.22583821889452793,AOI-0049
2022-08-28,0.1544055108683339,AOI-0049
2022-08-30,0.17596074839558087,AOI-0049
2022-09-06,0.17043814501484253,AOI-0049
2022-09-14,0.20250034257502428,AOI-0049
2022-10-08,0.24414540532343112,AOI-0049
2023-06-22,0.5000526444310036,AOI-0049
2023-06-23,0.48088185435412845,AOI-0049
2023-07-15,0.260409388483212,AOI-0049
2023-07-23,0.2472371921882146,AOI-0049
2023-08-08,0.2871651868685034,AOI-0049
2023-08-24,0.4045455765405398,AOI-0049
2023-09-12,0.23740096202203417,AOI-0049
2023-09-14,0.27003155956794983,AOI-0049
2023-09-22,0.20949881824615307,AOI-0049
2023-10-02,0.17457133901664199,AOI-0049
2024-06-23,0.5811118340595457,AOI-0049
2024-08-17,0.36557676037828424,AOI-0049
2024-08-28,0.24560108792393728,AOI-0049
2024-09-16,0.16245036317310374,AOI-0049
2024-09-29,0.20949444175109055,AOI-0049
2024-10-01,0.15010600411939568,AOI-0049
2010-07-19,0.7668766621156736,AOI-0054
2010-09-06,0.637689088055564,AOI-0054
2010-09-30,0.5673958352390529,AOI-0054
2011-04-07,0.42075033280279,AOI-0054
2011-05-09,0.7485366783948135,AOI-0054
2011-05-25,0.8240304487769267,AOI-0054
2011-05-27,0.8024661276101365,AOI-0054
2011-06-10,0.7807756928582045,AOI-0054
2011-06-20,0.8117546169470187,AOI-0054
2011-08-23,0.7298584688834945,AOI-0054
2011-10-16,0.623210558468306,AOI-0054
2012-07-09,0.7939529853256903,AOI-0054
2012-07-16,0.7421877639960922,AOI-0054
2012-08-26,0.692950281182812,AOI-0054
2012-09-29,0.6169384739578072,AOI-0054
2012-10-20,0.6629808707990361,AOI-0054
2013-08-21,0.7246914918313464,AOI-0054
2014-04-07,0.5428131307165681,AOI-0054
2014-05-09,0.8247690444939395,AOI-0054
2014-06-28,0.7745803698400521,AOI-0054
2014-07-28,0.6798819941002682,AOI-0054
2014-08-07,0.74132714090898,AOI-0054
2014-08-08,0.7360702643774568,AOI-0054
2014-08-13,0.6308318101294722,AOI-0054
2014-08-15,0.7326210655247537,AOI-0054
2014-10-11,0.5926408389995149,AOI-0054
2015-07-25,0.7775018071648284,AOI-0054
2015-08-26,0.7350143795559265,AOI-0054
2015-08-27,0.7552808647627255,AOI-0054
2015-08-29,0.6664979137876729,AOI-0054
2015-09-20,0.6822638155406828,AOI-0054
2015-10-06,0.5323918670430724,AOI-0054
2016-04-30,0.7487681602253861,AOI-0054
2016-07-03,0.8022714556669083,AOI-0054
2016-08-29,0.7904761421181167,AOI-0054
2016-09-29,0.6745232337915753,AOI-0054
2017-05-03,0.7317296979494003,AOI-0054
2017-05-11,0.8234705952415717,AOI-0054
2017-05-19,0.8395804985788194,AOI-0054
2017-05-27,0.8434469422833641,AOI-0054
2017-06-10,0.8165449254056479,AOI-0054
2017-07-06,0.81291720413186,AOI-0054
2017-09-01,0.4813288548945352,AOI-0054
2017-09-18,0.6939581205714936,AOI-0054
2017-09-24,0.6426839587866807,AOI-0054
2017-10-11,0.635620217595754,AOI-0054
2018-04-04,0.31609094432599455,AOI-0054
2018-04-21,0.565961134040268,AOI-0054
2018-04-28,0.699781205864728,AOI-0054
2018-04-29,0.7354535097167416,AOI-0054
2018-05-01,0.7525001176744094,AOI-0054
2018-05-11,0.7740195519171043,AOI-0054
2018-06-15,0.8086259858503965,AOI-0054
2018-06-16,0.8071211329994747,AOI-0054
2018-07-09,0.7128402171078303,AOI-0054
2018-09-12,0.6742314584119812,AOI-0054
2018-10-13,0.6773110420943973,AOI-0054
2018-10-29,0.5823502767570338,AOI-0054
2019-04-07,0.5910610352964384,AOI-0054
2019-05-25,0.8207166916741022,AOI-0054
2019-05-31,0.852099610636192,AOI-0054
2019-06-15,0.8811289861956257,AOI-0054
2019-06-18,0.842918390560336,AOI-0054
2019-06-27,0.7980766456371688,AOI-0054
2019-07-04,0.7730132878081826,AOI-0054
2019-07-05,0.8269392364619884,AOI-0054
2019-07-12,0.7294727462774545,AOI-0054
2019-07-28,0.7586694825242682,AOI-0054
2019-07-29,0.8331115419479797,AOI-0054
2019-08-14,0.8266216904949257,AOI-0054
2019-08-29,0.7041532901612996,AOI-0054
2019-08-30,0.7558875684395987,AOI-0054
2019-09-15,0.6320183931867952,AOI-0054
2019-10-09,0.6972278217124186,AOI-0054
2020-04-02,0.4944370356293527,AOI-0054
2020-04-09,0.47822514543758604,AOI-0054
2020-04-10,0.5148199195886589,AOI-0054
2020-04-22,0.6184144112926095,AOI-0054
2020-04-30,0.6900681495342054,AOI-0054
2020-05-11,0.7774534949296346,AOI-0054
2020-05-30,0.810703777577065,AOI-0054
2020-06-28,0.7652226463016774,AOI-0054
2020-08-03,0.7855788743353646,AOI-0054
2020-09-07,0.7109582789601042,AOI-0054
2020-09-09,0.7587607291268184,AOI-0054
2020-10-17,0.3586084830611116,AOI-0054
2020-10-27,0.4342163264283967,AOI-0054
2021-04-29,0.6466218896668635,AOI-0054
2021-05-09,0.7923596730434583,AOI-0054
2021-05-20,0.7628500641655444,AOI-0054
2021-06-16,0.8265227498682266,AOI-0054
2021-07-02,0.8198925311227548,AOI-0054
2021-07-18,0.7885294468941195,AOI-0054
2021-07-24,0.7902131045100387,AOI-0054
2021-09-07,0.8027737258356269,AOI-0054
2021-10-16,0.6086305883568157,AOI-0054
2021-10-22,0.6155927191984699,AOI-0054
2021-10-30,0.5873086909746242,AOI-0054
2022-06-03,0.8860032293315049,AOI-0054
2022-06-10,0.8294790119781755,AOI-0054
2022-06-26,0.7706055829972562,AOI-0054
2022-07-12,0.7027576052707692,AOI-0054
2022-07-29,0.7825618679403532,AOI-0054
2022-08-06,0.7769125077617717,AOI-0054
2022-08-18,0.7245073833691896,AOI-0054
2022-08-29,0.6155444317833256,AOI-0054
2023-04-07,0.6787340226626773,AOI-0054
2023-04-23,0.780282059797178,AOI-0054
2023-05-28,0.8111695945238097,AOI-0054
2023-06-10,0.8136880171426508,AOI-0054
2023-06-22,0.8569034941504102,AOI-0054
2023-07-07,0.756517288771667,AOI-0054
2023-09-07,0.712083499062377,AOI-0054
2023-10-11,0.6896481849842376,AOI-0054
2024-04-04,0.5550462911675026,AOI-0054
2024-05-07,0.8349289622258438,AOI-0054
2024-05-08,0.8378160650269412,AOI-0054
2024-05-22,0.8175807945092308,AOI-0054
2024-05-23,0.828576577704876,AOI-0054
2024-06-24,0.8150590646728612,AOI-0054
2024-07-13,0.7969243217582113,AOI-0054
2024-07-18,0.8070030466315605,AOI-0054
2024-08-18,0.8055530296429457,AOI-0054
2024-09-16,0.7241406079204186,AOI-0054
2024-09-21,0.746019656296272,AOI-0054
2024-09-29,0.6255554496914929,AOI-0054
2024-10-05,0.672179712895398,AOI-0054
2024-10-30,0.7018572255415364,AOI-0054
2010-04-15,0.21393226389599346,AOI-0057
2010-04-30,0.23425827952507766,AOI-0057
2010-05-01,0.25194917630487623,AOI-0057
2010-05-08,0.28725289261722703,AOI-0057
2010-06-10,0.697564571575616,AOI-0057
2010-07-27,0.6138927776131836,AOI-0057
2010-08-05,0.5771692142648974,AOI-0057
2010-09-14,0.3439650234081378,AOI-0057
2011-05-25,0.885091077673716,AOI-0057
2011-06-10,0.7860130587308222,AOI-0057
2011-06-13,0.7991893044455252,AOI-0057
2011-07-07,0.2867810218018668,AOI-0057
2011-08-08,0.40522658392455746,AOI-0057
2011-09-16,0.20189482702785264,AOI-0057
2011-10-11,0.23131471274130241,AOI-0057
2012-07-16,0.8216926302127924,AOI-0057
2012-09-18,0.20946582731129396,AOI-0057
2013-04-07,0.7140672524459252,AOI-0057
2013-09-14,0.2985913138805462,AOI-0057
2013-09-22,0.20910041471282978,AOI-0057
2014-04-17,0.34160792475352075,AOI-0057
2014-04-18,0.3966578844265141,AOI-0057
2014-04-25,0.6395629040837301,AOI-0057
2014-05-09,0.851898966649489,AOI-0057
2014-06-05,0.7975598079081762,AOI-0057
2014-07-15,0.301892612935261,AOI-0057
2014-07-23,0.29209513514489754,AOI-0057
2014-08-16,0.2204640884626927,AOI-0057
2014-08-23,0.2071477661122946,AOI-0057
2014-10-02,0.20462985711726359,AOI-0057
2014-10-11,0.2157397108469113,AOI-0057
2014-10-16,0.2736560208296476,AOI-0057
2015-05-25,0.8893919572977852,AOI-0057
2015-10-30,0.1809476497986058,AOI-0057
2016-05-08,0.9032519965055595,AOI-0057
2016-06-26,0.39261098489310003,AOI-0057
2016-07-28,0.3228294642717143,AOI-0057
2016-08-12,0.46219798686995067,AOI-0057
2017-05-04,0.33641572494287575,AOI-0057
2017-05-06,0.3144964062527016,AOI-0057
2017-06-10,0.8132131062835968,AOI-0057
2017-07-30,0.827739178996656,AOI-0057
2017-08-08,0.8068158442725538,AOI-0057
2017-09-01,0.46062240174931296,AOI-0057
2017-09-14,0.4211175322778531,AOI-0057
2017-09-17,0.4186836805299608,AOI-0057
2017-09-25,0.307128581562732,AOI-0057
2018-04-11,0.5655671345105369,AOI-0057
2018-05-06,0.857303499167142,AOI-0057
2018-07-18,0.22774910540276513,AOI-0057
2018-08-02,0.2635389700305893,AOI-0057
2018-08-19,0.21043691142040324,AOI-0057
2018-08-26,0.20483461360093225,AOI-0057
2018-10-29,0.20320256964152014,AOI-0057
2019-04-11,0.19441619287784975,AOI-0057
2019-04-21,0.2194162531389929,AOI-0057
2019-05-01,0.3561959611395617,AOI-0057
2019-05-02,0.4250108432049565,AOI-0057
2019-05-06,0.37635986362110335,AOI-0057
2019-07-05,0.7278996162263652,AOI-0057
2019-07-20,0.6334980913276874,AOI-0057
2019-08-05,0.37346396660558906,AOI-0057
2019-08-21,0.20069802792809338,AOI-0057
2019-08-24,0.19010270449593197,AOI-0057
2019-09-23,0.1341067759230688,AOI-0057
2019-10-13,0.16603028417045373,AOI-0057
2019-10-25,0.1654335871545498,AOI-0057
2020-04-17,0.19081827876640875,AOI-0057
2020-08-15,0.14818711867661963,AOI-0057
2020-08-23,0.15075226319919735,AOI-0057
2020-09-09,0.16387833050196315,AOI-0057
2020-09-13,0.2145199024568467,AOI-0057
2020-09-25,0.17449360517839851,AOI-0057
2020-09-27,0.12404277155390726,AOI-0057
2020-09-29,0.1950154036655693,AOI-0057
2020-10-03,0.14120205314904954,AOI-0057
2021-04-15,0.5047139920979646,AOI-0057
2021-06-19,0.8092674083943497,AOI-0057
2021-08-13,0.35276416814727196,AOI-0057
2021-09-04,0.4152722205901728,AOI-0057
2022-05-27,0.6170575156363477,AOI-0057
2022-06-26,0.28148695200580853,AOI-0057
2022-06-29,0.16817298286069254,AOI-0057
2022-07-09,0.1812324852084473,AOI-0057
2022-07-12,0.297985513912199,AOI-0057
2022-07-28,0.2773363152057622,AOI-0057
2022-08-03,0.15735004435369,AOI-0057
2022-08-13,0.18574537388460133,AOI-0057
2022-08-18,0.1648391801207231,AOI-0057
2022-09-14,0.19448259083721348,AOI-0057
2022-10-17,0.2660596810466839,AOI-0057
2023-04-26,0.8823121802734828,AOI-0057
2023-05-04,0.8989159038690453,AOI-0057
2023-06-26,0.43774634902987175,AOI-0057
2023-07-12,0.44612146425158106,AOI-0057
2023-07-15,0.38586959239096247,AOI-0057
2023-08-23,0.44123734758688415,AOI-0057
2023-09-10,0.28243004659248283,AOI-0057
2024-05-04,0.4626772002200206,AOI-0057
2024-05-06,0.4930045124354101,AOI-0057
2024-05-07,0.5379570938241599,AOI-0057
2024-05-22,0.6474620223933789,AOI-0057
2024-06-08,0.7775389884117446,AOI-0057
2024-06-16,0.7546648167596433,AOI-0057
2024-06-24,0.7052504740743651,AOI-0057
2024-07-18,0.41243436820087176,AOI-0057
2024-07-28,0.3697790456967386,AOI-0057
2024-09-13,0.22459861249360866,AOI-0057
2010-07-13,0.6540643269226364,AOI-0066
2011-05-25,0.8437230847744414,AOI-0066
2012-04-13,0.5308480366166181,AOI-0066
2012-07-11,0.3418007168646265,AOI-0066
2012-07-27,0.29633583966504845,AOI-0066
2012-09-20,0.20981185928300403,AOI-0066
2012-10-06,0.30986529681590086,AOI-0066
2012-10-22,0.33857681067850093,AOI-0066
2013-05-09,0.46199127147236996,AOI-0066
2013-05-25,0.5481761014835713,AOI-0066
2013-06-19,0.6219060807135062,AOI-0066
2013-09-23,0.1853685023921991,AOI-0066
2013-10-09,0.20689911377651235,AOI-0066
2014-04-03,0.58794390976413,AOI-0066
2014-10-04,0.3998164144493519,AOI-0066
2015-04-06,0.7447892554792812,AOI-0066
2015-06-01,0.8519072189010775,AOI-0066
2015-07-27,0.33600788164453926,AOI-0066
2015-07-28,0.34759285549361657,AOI-0066
2015-09-29,0.21320416000380718,AOI-0066
2016-05-08,0.8706431825933943,AOI-0066
2016-06-03,0.8122907192912813,AOI-0066
2016-06-19,0.47927737358571193,AOI-0066
2016-06-27,0.3391291123957019,AOI-0066
2016-07-11,0.3507527428034523,AOI-0066
2016-08-12,0.3586677293658551,AOI-0066
2016-08-22,0.25997819631408553,AOI-0066
2017-05-09,0.8873362823334352,AOI-0066
2017-06-10,0.823395139051021,AOI-0066
2017-08-13,0.23840172408780463,AOI-0066
2017-08-21,0.12594149755055797,AOI-0066
2018-05-09,0.636453622822125,AOI-0066
2018-06-01,0.7961147279595547,AOI-0066
2018-07-02,0.8208506972477433,AOI-0066
2018-09-05,0.2187407624531586,AOI-0066
2018-10-08,0.19117722415320054,AOI-0066
2018-10-13,0.19775698556419524,AOI-0066
2019-04-07,0.6814087612220194,AOI-0066
2019-04-28,0.7892836235096486,AOI-0066
2019-05-11,0.7866440958357158,AOI-0066
2019-06-20,0.33671809318929874,AOI-0066
2019-07-02,0.1725489188638307,AOI-0066
2019-07-14,0.22436530815117106,AOI-0066
2019-08-11,0.16362855250163585,AOI-0066
2019-08-29,0.17868092084364934,AOI-0066
2019-10-15,0.5647823367941267,AOI-0066
2019-10-18,0.608382117035172,AOI-0066
2020-05-08,0.7123620043564486,AOI-0066
2020-05-24,0.6937496915428466,AOI-0066
2020-05-30,0.6347561989647215,AOI-0066
2020-06-11,0.46940020760321755,AOI-0066
2020-07-11,0.25353010578362795,AOI-0066
2020-07-27,0.287913015616807,AOI-0066
2020-08-09,0.20323993437408217,AOI-0066
2020-08-15,0.1682264013322703,AOI-0066
2020-09-07,0.15006449586088286,AOI-0066
2021-05-12,0.19550616008617477,AOI-0066
2021-08-05,0.67896643966862,AOI-0066
2021-08-20,0.3757701281716049,AOI-0066
2021-08-23,0.34893239558516925,AOI-0066
2021-09-27,0.19315514012669865,AOI-0066
2021-10-16,0.307565951282152,AOI-0066
2021-10-27,0.18625340612111235,AOI-0066
2022-04-23,0.8148657712612587,AOI-0066
2022-04-25,0.762600575800824,AOI-0066
2022-05-30,0.8798307480025067,AOI-0066
2022-06-04,0.8714191664799666,AOI-0066
2022-07-12,0.27018762958496084,AOI-0066
2022-07-21,0.14818102081300766,AOI-0066
2022-07-22,0.2173218084726926,AOI-0066
2022-08-23,0.1652159862005464,AOI-0066
2022-09-08,0.2069814715380463,AOI-0066
2022-09-09,0.1563000494251387,AOI-0066
2022-09-18,0.1676443628468254,AOI-0066
2022-09-27,0.1635456868835692,AOI-0066
2022-09-29,0.16407334303052265,AOI-0066
2022-10-02,0.1642585225759725,AOI-0066
2022-10-07,0.1899162733200838,AOI-0066
2022-10-18,0.23974238627424732,AOI-0066
2022-10-22,0.1759325378832482,AOI-0066
2023-04-04,0.32299453311961573,AOI-0066
2023-04-07,0.49997898331563023,AOI-0066
2023-05-15,0.8361119777199547,AOI-0066
2023-06-07,0.8435587843450454,AOI-0066
2023-06-10,0.7590273503020829,AOI-0066
2023-06-11,0.7887589144479753,AOI-0066
2023-06-26,0.4074912951122317,AOI-0066
2023-07-04,0.21584720995496132,AOI-0066
2023-07-26,0.3627376732917006,AOI-0066
2023-08-08,0.21817020209711496,AOI-0066
2023-08-10,0.25406394852985437,AOI-0066
2023-08-13,0.251012206822019,AOI-0066
2023-08-23,0.16671860047028783,AOI-0066
2023-09-07,0.1672429894024471,AOI-0066
2023-09-30,0.26983247012236095,AOI-0066
2023-10-13,0.23675425729406757,AOI-0066
2023-10-16,0.2915662367236305,AOI-0066
2024-04-06,0.7820761435847892,AOI-0066
2024-05-21,0.9055483110859014,AOI-0066
2024-06-17,0.48763647252278547,AOI-0066
2024-06-23,0.27910000715570144,AOI-0066
2024-06-28,0.2025902781281282,AOI-0066
2024-07-05,0.1425118623720985,AOI-0066
2024-07-19,0.18899594464021702,AOI-0066
2024-08-09,0.13215680454744652,AOI-0066
2024-09-26,0.14705818594487452,AOI-0066
2010-04-07,0.3139383740399998,AOI-0072
2010-08-13,0.27165473315411837,AOI-0072
2010-08-15,0.1662030674743804,AOI-0072
2010-08-23,0.18901598598388672,AOI-0072
2010-08-30,0.20561398678673498,AOI-0072
2011-04-07,0.29409962685139945,AOI-0072
2011-05-05,0.2637041720484378,AOI-0072
2011-07-12,0.2451177757899493,AOI-0072
2011-07-24,0.1666279359450728,AOI-0072
2011-08-01,0.17590265717852607,AOI-0072
2011-09-03,0.19551689523106064,AOI-0072
2012-04-06,0.625301199969464,AOI-0072
2012-10-15,0.15688917601244792,AOI-0072
2013-04-16,0.17181670024106827,AOI-0072
2013-05-02,0.20166167717929886,AOI-0072
2013-05-19,0.2295325121197252,AOI-0072
2013-07-29,0.20723926888055716,AOI-0072
2013-10-16,0.2839424929104372,AOI-0072
2014-04-23,0.7378423904351303,AOI-0072
2014-06-30,0.2701338136569063,AOI-0072
2014-07-17,0.23640044325120044,AOI-0072
2014-07-24,0.2474391331775755,AOI-0072
2014-08-17,0.21910522590412485,AOI-0072
2014-08-29,0.29866832920032843,AOI-0072
2014-09-03,0.25134391426125413,AOI-0072
2014-09-26,0.285201654832305,AOI-0072
2014-10-28,0.16650136026616288,AOI-0072
2014-10-29,0.20276649428822016,AOI-0072
2015-04-07,0.2522845913911963,AOI-0072
2015-04-23,0.30595329404293076,AOI-0072
2015-08-04,0.16625393860215906,AOI-0072
2016-04-06,0.7976680858690463,AOI-0072
2016-04-09,0.7881551713197468,AOI-0072
2016-04-17,0.8283349526104807,AOI-0072
2016-05-26,0.7700407862436573,AOI-0072
2016-06-27,0.2795714528638522,AOI-0072
2016-07-13,0.20266377103409183,AOI-0072
2016-08-22,0.28956027278315677,AOI-0072
2016-09-29,0.3194778914886365,AOI-0072
2017-04-03,0.13767283307531966,AOI-0072
2017-04-23,0.2995939802328397,AOI-0072
2017-05-29,0.21776424131509442,AOI-0072
2017-05-30,0.2151677986615374,AOI-0072
2017-07-12,0.2244751845886149,AOI-0072
2017-07-24,0.1816154704101109,AOI-0072
2017-07-25,0.15287693432907992,AOI-0072
2017-08-06,0.12515733013697844,AOI-0072
2017-08-29,0.22320602616799376,AOI-0072
2017-09-03,0.1884273223917474,AOI-0072
2017-09-20,0.33495323103426716,AOI-0072
2017-09-26,0.4233028921990133,AOI-0072
2017-10-12,0.5710369130550134,AOI-0072
2018-04-07,0.5542123346891721,AOI-0072
2018-04-15,0.6212173393142425,AOI-0072
2018-05-01,0.7734044566571876,AOI-0072
2018-05-03,0.7605741136253713,AOI-0072
2018-06-07,0.41481045575783787,AOI-0072
2018-08-05,0.19951171062066547,AOI-0072
2018-08-28,0.1719248287034255,AOI-0072
2018-09-06,0.1750538523109664,AOI-0072
2018-09-22,0.1761414494036892,AOI-0072
2019-04-25,0.20739849237405267,AOI-0072
2019-04-26,0.1684869031755016,AOI-0072
2019-05-04,0.2152971735076308,AOI-0072
2019-05-28,0.17937476372408545,AOI-0072
2019-06-12,0.14566038606287138,AOI-0072
2019-07-14,0.17353017833826984,AOI-0072
2019-07-17,0.12061728028441712,AOI-0072
2019-08-06,0.14701091689191695,AOI-0072
2019-08-16,0.15107787134628375,AOI-0072
2019-09-09,0.2259174176662387,AOI-0072
2019-09-14,0.2815793999634581,AOI-0072
2019-09-17,0.2026512784450498,AOI-0072
2019-09-30,0.3966840083455323,AOI-0072
2019-10-15,0.6584201755429776,AOI-0072
2019-10-20,0.7382445288034585,AOI-0072
2019-10-27,0.7359291895895735,AOI-0072
2020-04-06,0.7029145851540005,AOI-0072
2020-04-27,0.7419877436266745,AOI-0072
2020-05-08,0.7821030385604272,AOI-0072
2020-05-24,0.7418706720945709,AOI-0072
2020-06-30,0.2517354386654589,AOI-0072
2020-09-19,0.10813123822108749,AOI-0072
2020-09-24,0.1269440026159254,AOI-0072
2020-09-26,0.13932829758267232,AOI-0072
2020-10-05,0.133054845663042,AOI-0072
2020-10-14,0.12525753213563864,AOI-0072
2020-10-21,0.13626087426801134,AOI-0072
2021-04-22,0.16425995805601934,AOI-0072
2021-07-11,0.18936760773029826,AOI-0072
2021-08-29,0.33507586553655205,AOI-0072
2022-04-10,0.1757273439943719,AOI-0072
2022-04-26,0.23514940288643468,AOI-0072
2022-06-29,0.15258212700775484,AOI-0072
2022-07-15,0.18179335498272528,AOI-0072
2022-08-23,0.13552007383626652,AOI-0072
2022-08-27,0.17424657654335823,AOI-0072
2023-04-29,0.8231614296551473,AOI-0072
2023-06-25,0.28636763477870647,AOI-0072
2023-07-21,0.16994077571156235,AOI-0072
2023-07-22,0.20792032829690857,AOI-0072
2023-07-26,0.1947817954055229,AOI-0072
2023-08-02,0.21299477839994368,AOI-0072
2023-08-03,0.19484564915826208,AOI-0072
2023-08-05,0.18843415404238123,AOI-0072
2023-08-13,0.24161204785553836,AOI-0072
2023-08-23,0.2431620997803389,AOI-0072
2023-09-19,0.2289302725049368,AOI-0072
2023-10-29,0.2183127188743406,AOI-0072
2024-04-01,0.15683640164281779,AOI-0072
2024-05-09,0.2025248271962245,AOI-0072
2024-05-21,0.14299948770364046,AOI-0072
2024-06-09,0.24931576920419926,AOI-0072
2024-06-30,0.1420913195443553,AOI-0072
2024-07-11,0.19635310748213075,AOI-0072
2024-07-25,0.12620584896910175,AOI-0072
2024-08-20,0.17097431223960957,AOI-0072
2024-09-08,0.14959433371314418,AOI-0072
2024-09-22,0.20005225871019458,AOI-0072
2024-09-30,0.14066423372961412,AOI-0072
2010-04-15,0.2025245884845294,AOI-0078
2010-05-01,0.3218445501714172,AOI-0078
2010-06-09,0.6664628755267141,AOI-0078
2010-07-04,0.4139814131069434,AOI-0078
2011-04-01,0.22870389234526609,AOI-0078
2011-07-06,0.7555535353185943,AOI-0078
2011-08-08,0.6788871335303789,AOI-0078
2011-08-13,0.5579851149754038,AOI-0078
2011-09-14,0.4901831301031408,AOI-0078
2011-09-17,0.41557345802958917,AOI-0078
2011-09-24,0.404519957252518,AOI-0078
2012-06-07,0.6457248292923213,AOI-0078
2012-09-27,0.32059689611430014,AOI-0078
2012-10-04,0.2544891141334869,AOI-0078
2013-04-03,0.19796509260735126,AOI-0078
2013-07-11,0.3838287950055801,AOI-0078
2013-07-28,0.5192871248943659,AOI-0078
2013-08-29,0.4353944541776256,AOI-0078
2013-10-16,0.4132017523434429,AOI-0078
2014-06-26,0.7866340362547322,AOI-0078
2014-07-31,0.6761962310617111,AOI-0078
2015-07-01,0.4564252584818014,AOI-0078
2015-09-11,0.2570888608012426,AOI-0078
2016-04-22,0.4100275234029889,AOI-0078
2016-07-04,0.8151311973977404,AOI-0078
2016-09-22,0.7070045067337896,AOI-0078
2016-10-24,0.44056591326022565,AOI-0078
2017-04-29,0.2445594031470368,AOI-0078
2017-05-03,0.2679298375917991,AOI-0078
2017-05-06,0.22585297859349282,AOI-0078
2017-05-09,0.475489529430976,AOI-0078
2017-09-30,0.30124887191913596,AOI-0078
2018-06-07,0.7819305228472266,AOI-0078
2018-06-18,0.6380001587266517,AOI-0078
2018-07-10,0.3240497808342793,AOI-0078
2018-08-10,0.39244422341086815,AOI-0078
2018-09-12,0.2213760768448502,AOI-0078
2018-09-28,0.2142233188321357,AOI-0078
2018-10-01,0.23044030640732438,AOI-0078
2018-10-14,0.20657479420756117,AOI-0078
2019-04-07,0.31424717815904,AOI-0078
2019-04-23,0.2527020673553132,AOI-0078
2019-05-06,0.20982160277752668,AOI-0078
2019-05-16,0.2577709780242196,AOI-0078
2019-05-24,0.3795478207756288,AOI-0078
2019-06-02,0.4983064744335417,AOI-0078
2019-06-10,0.6371642303488045,AOI-0078
2019-06-13,0.5984341092913739,AOI-0078
2019-06-25,0.650172766129861,AOI-0078
2019-07-04,0.6370451118454836,AOI-0078
2019-07-23,0.7141334695469207,AOI-0078
2019-07-28,0.7641258750087708,AOI-0078
2019-08-07,0.7958441277001165,AOI-0078
2019-08-09,0.7713127321892519,AOI-0078
2019-08-21,0.8724040292191032,AOI-0078
2019-08-29,0.840265783850809,AOI-0078
2019-09-13,0.7870066776625823,AOI-0078
2019-09-28,0.4843956030174931,AOI-0078
2019-10-16,0.4150549332752065,AOI-0078
2020-04-05,0.18332402658405253,AOI-0078
2020-04-06,0.3816402570413708,AOI-0078
2020-04-23,0.4022382916607133,AOI-0078
2020-05-19,0.7797706306342935,AOI-0078
2020-06-12,0.853904864264306,AOI-0078
2020-06-28,0.35361654686921196,AOI-0078
2020-07-24,0.17143525665997522,AOI-0078
2020-08-06,0.24174699987515766,AOI-0078
2020-08-08,0.1718092900578999,AOI-0078
2020-08-12,0.29104685773829975,AOI-0078
2020-09-08,0.17997754861427212,AOI-0078
2020-09-15,0.16268483040421983,AOI-0078
2020-09-24,0.13114430940224295,AOI-0078
2020-09-25,0.16369092957571155,AOI-0078
2020-10-15,0.20156485363533852,AOI-0078
2020-10-22,0.08161759449734743,AOI-0078
2020-10-26,0.1240005040270789,AOI-0078
2021-04-10,0.09449297660180214,AOI-0078
2021-05-14,0.3034418668326544,AOI-0078
2021-05-15,0.28337562195348287,AOI-0078
2021-05-25,0.582505574835022,AOI-0078
2021-06-17,0.7593290087774051,AOI-0078
2021-06-22,0.7598510225239224,AOI-0078
2021-06-23,0.7907984815178257,AOI-0078
2021-06-26,0.7276802940122478,AOI-0078
2021-07-09,0.7227362323290651,AOI-0078
2021-08-01,0.5448221530648201,AOI-0078
2021-08-21,0.501861806205463,AOI-0078
2021-08-29,0.596611766394014,AOI-0078
2021-09-03,0.5886501825959184,AOI-0078
2021-09-15,0.5410505653586861,AOI-0078
2021-10-27,0.2523482556491651,AOI-0078
2021-10-30,0.2512141833204986,AOI-0078
2022-04-07,0.35975651502027944,AOI-0078
2022-05-03,0.645511126278934,AOI-0078
2022-06-19,0.747867135096934,AOI-0078
2022-06-27,0.5630484794535934,AOI-0078
2022-07-17,0.24775301773626307,AOI-0078
2022-07-24,0.16828106245038438,AOI-0078
2022-08-01,0.15037234479394188,AOI-0078
2022-09-17,0.17671618459914512,AOI-0078
2022-09-20,0.23257916976392426,AOI-0078
2022-10-01,0.35674066942906546,AOI-0078
2022-10-08,0.4131928858641692,AOI-0078
2022-10-15,0.5305762887422317,AOI-0078
2023-05-12,0.8210014831435982,AOI-0078
2023-06-02,0.8485648555502302,AOI-0078
2023-07-02,0.5838843284889426,AOI-0078
2023-07-31,0.20193719282596362,AOI-0078
2023-08-03,0.16126434939724765,AOI-0078
2023-08-29,0.38065854099377583,AOI-0078
2023-09-29,0.13933613684211035,AOI-0078
2023-10-03,0.17076800114855176,AOI-0078
2024-04-04,0.18351498781419504,AOI-0078
2024-04-13,0.26743184982256746,AOI-0078
2024-04-14,0.216094854369287,AOI-0078
2024-04-22,0.4840864810182677,AOI-0078
2024-05-04,0.4331034600825723,AOI-0078
2024-05-06,0.4370018675698637,AOI-0078
2024-05-17,0.5674290617956838,AOI-0078
2024-05-19,0.5551164275716299,AOI-0078
2024-05-29,0.628519425357236,AOI-0078
2024-06-09,0.5888893410423202,AOI-0078
2024-06-25,0.38113461914812297,AOI-0078
2024-07-08,0.2383634880827416,AOI-0078
2024-07-13,0.20784600862286182,AOI-0078
2024-07-17,0.2931167232688293,AOI-0078
2024-07-25,0.2875647437664284,AOI-0078
2024-08-18,0.309867303523966,AOI-0078
2024-08-26,0.23350781995599731,AOI-0078
2024-09-21,0.16682541661167605,AOI-0078
2024-10-22,0.2510384137972109,AOI-0078
2024-10-30,0.20125939605738502,AOI-0078
