date,primary_ndvi_true,anon_polygon_id
2010-05-02,0.3202134125898339,AOI-0005
2010-07-28,0.2500935683510564,AOI-0005
2010-08-05,0.24713790027875496,AOI-0005
2010-08-29,0.21518515117389478,AOI-0005
2010-08-30,0.2344768697452146,AOI-0005
2010-09-06,0.202486034678874,AOI-0005
2011-04-02,0.22139984640215923,AOI-0005
2011-06-06,0.7485691090168979,AOI-0005
2011-06-26,0.5207469566242062,AOI-0005
2011-09-02,0.44392340147847276,AOI-0005
2012-04-04,0.16909440612689625,AOI-0005
2012-04-29,0.5476336483080401,AOI-0005
2012-05-06,0.6144601681439493,AOI-0005
2012-05-31,0.7937411581125378,AOI-0005
2012-08-10,0.17298271473706744,AOI-0005
2012-08-12,0.26472054882032986,AOI-0005
2013-06-26,0.33565564288831007,AOI-0005
2013-07-12,0.2921589079874776,AOI-0005
2013-08-21,0.4258027304650196,AOI-0005
2013-08-29,0.46714061070932655,AOI-0005
2014-04-18,0.5102381242768208,AOI-0005
2014-04-27,0.6354907405807262,AOI-0005
2014-05-04,0.6877701881820976,AOI-0005
2014-05-09,0.7306939293448875,AOI-0005
2014-06-10,0.6810276710600585,AOI-0005
2014-07-28,0.4934237753358487,AOI-0005
2014-10-03,0.2295743832187323,AOI-0005
2015-05-23,0.7350871604780278,AOI-0005
2015-06-10,0.7731343991583851,AOI-0005
2015-10-06,0.2582575152131514,AOI-0005
2016-04-22,0.6334887527393077,AOI-0005
2016-05-08,0.7007327650616062,AOI-0005
2016-09-13,0.38572987576529444,AOI-0005
2017-04-11,0.2256843981756554,AOI-0005
2017-04-23,0.5388980602386575,AOI-0005
2017-04-26,0.3560400402634048,AOI-0005
2017-07-23,0.5086153358275838,AOI-0005
2017-09-25,0.4973673321322731,AOI-0005
2017-10-04,0.45733672329254416,AOI-0005
2018-05-01,0.5621207963936558,AOI-0005
2018-05-16,0.6642591634886249,AOI-0005
2018-06-01,0.6441566502496979,AOI-0005
2018-07-10,0.4167489831919813,AOI-0005
2018-08-27,0.410333482994155,AOI-0005
2018-09-30,0.3953386807678226,AOI-0005
2019-04-26,0.6533807996997534,AOI-0005
2019-05-11,0.7718557499764068,AOI-0005
2019-05-18,0.8077431295031211,AOI-0005
2019-05-21,0.8023207810023851,AOI-0005
2019-06-11,0.716917583048031,AOI-0005
2019-06-25,0.56610325029443,AOI-0005
2019-07-12,0.519675671851266,AOI-0005
2019-08-23,0.33082525945239516,AOI-0005
2019-08-24,0.33963904438192993,AOI-0005
2019-09-03,0.364257779474011,AOI-0005
2019-09-07,0.3263096008558448,AOI-0005
2019-09-08,0.31791012183181877,AOI-0005
2019-09-15,0.28739325162796325,AOI-0005
2020-04-22,0.47272787922146176,AOI-0005
2020-05-08,0.6211969315999994,AOI-0005
2020-08-16,0.4545250024760724,AOI-0005
2020-08-23,0.4113596632965562,AOI-0005
2020-08-24,0.4352833034448495,AOI-0005
2020-09-02,0.38383048561243793,AOI-0005
2020-09-17,0.31470557430537327,AOI-0005
2020-09-29,0.34325155217131664,AOI-0005
2021-04-21,0.5775410139493957,AOI-0005
2021-07-12,0.5665779550482921,AOI-0005
2021-08-29,0.32270042137641664,AOI-0005
2021-09-04,0.34747242101890086,AOI-0005
2021-09-30,0.37732981364297835,AOI-0005
2021-10-14,0.29276732003984773,AOI-0005
2022-05-09,0.7249472918419122,AOI-0005
2022-05-30,0.8269668045700082,AOI-0005
2022-07-19,0.483688491908346,AOI-0005
2022-07-21,0.457951822436025,AOI-0005
2022-07-28,0.47040566751635116,AOI-0005
2022-08-03,0.4381596009822003,AOI-0005
2022-08-14,0.47799512722840143,AOI-0005
2022-08-28,0.4051037706892746,AOI-0005
2022-10-01,0.4354163441217662,AOI-0005
2023-07-14,0.5826587655533324,AOI-0005
2023-07-29,0.5392969965879949,AOI-0005
2023-08-08,0.516416421704293,AOI-0005
2023-08-29,0.4192945044236007,AOI-0005
2023-09-12,0.3764748240345448,AOI-0005
2023-09-14,0.37406099779657265,AOI-0005
2023-09-26,0.3709445701360192,AOI-0005
2023-10-17,0.29763469788387975,AOI-0005
2024-05-31,0.6265151927770966,AOI-0005
2024-06-03,0.6403451511685481,AOI-0005
2024-07-28,0.4150836482910831,AOI-0005
2024-08-22,0.3179166489008255,AOI-0005
2024-08-28,0.3315711000997766,AOI-0005
2024-09-16,0.3062942505120595,AOI-0005
2010-04-15,0.40410605283628886,AOI-0006
2010-05-09,0.7962401275222524,AOI-0006
2010-07-13,0.2895287525692347,AOI-0006
2010-07-28,0.24946211620603,AOI-0006
2010-07-29,0.24791017727716436,AOI-0006
2010-08-05,0.2339339368500051,AOI-0006
2011-04-02,0.14619793219571428,AOI-0006
2011-04-19,0.19767836267328232,AOI-0006
2011-05-21,0.3593675904686992,AOI-0006
2011-07-16,0.6426699319125844,AOI-0006
2011-08-08,0.45462589758974237,AOI-0006
2011-08-09,0.44362132561499384,AOI-0006
2011-10-16,0.31077318046530594,AOI-0006
2012-04-22,0.759531672897407,AOI-0006
2012-06-09,0.6123496685154923,AOI-0006
2012-10-15,0.2774424075721043,AOI-0006
2013-07-21,0.6614044820215054,AOI-0006
2013-08-21,0.3413807295114569,AOI-0006
2013-10-24,0.29802471517976525,AOI-0006
2014-04-07,0.4686777562451525,AOI-0006
2014-06-13,0.43293385385046007,AOI-0006
2014-06-26,0.27084877360696324,AOI-0006
2014-07-31,0.20818515864556078,AOI-0006
2014-08-29,0.18731158640827525,AOI-0006
2015-06-09,0.7880445933229349,AOI-0006
2015-07-26,0.32804155939523894,AOI-0006
2015-08-03,0.307630690548289,AOI-0006
2015-08-11,0.2993883042281169,AOI-0006
2015-08-12,0.27837306030795983,AOI-0006
2015-10-16,0.21062264329426245,AOI-0006
2016-04-22,0.44932056603734283,AOI-0006
2016-04-23,0.3721304291379685,AOI-0006
2016-05-08,0.46387886922718813,AOI-0006
2017-04-23,0.3502977612976834,AOI-0006
2017-05-09,0.3569124402177817,AOI-0006
2017-07-25,0.7199762868827073,AOI-0006
2017-09-01,0.24874588779885606,AOI-0006
2017-09-14,0.26871180217734614,AOI-0006
2017-10-04,0.1876921206623468,AOI-0006
2018-06-08,0.46601864226738243,AOI-0006
2018-08-13,0.5060879998331471,AOI-0006
2018-09-20,0.2557003786646315,AOI-0006
2018-10-16,0.26422941555838897,AOI-0006
2019-04-21,0.7405975489144996,AOI-0006
2019-04-23,0.7629104537344022,AOI-0006
2019-05-21,0.8723024978830858,AOI-0006
2019-06-27,0.2494860800336505,AOI-0006
2019-08-22,0.2155413307399969,AOI-0006
2019-09-03,0.16743640262408757,AOI-0006
2020-04-06,0.2836788567342612,AOI-0006
2020-04-30,0.23693356955396536,AOI-0006
2020-05-20,0.3973054315331688,AOI-0006
2020-06-05,0.6329518764913175,AOI-0006
2020-08-03,0.4304576181249703,AOI-0006
2020-09-01,0.3528088614073985,AOI-0006
2021-04-06,0.29285801619096047,AOI-0006
2021-05-20,0.8561023840799287,AOI-0006
2021-06-16,0.7212248141817497,AOI-0006
2021-08-29,0.19671067936065983,AOI-0006
2021-10-02,0.20715766380114567,AOI-0006
2022-04-24,0.8420457391428303,AOI-0006
2022-06-10,0.8005655082848673,AOI-0006
2022-08-23,0.19003069794180485,AOI-0006
2022-09-17,0.17494099976938393,AOI-0006
2022-09-30,0.26847860600769324,AOI-0006
2022-10-02,0.16302530061123516,AOI-0006
2022-10-12,0.15378428261849628,AOI-0006
2023-04-10,0.3229187191254252,AOI-0006
2023-04-23,0.465662014986713,AOI-0006
2023-05-06,0.30903370573887223,AOI-0006
2023-05-13,0.28125828903422995,AOI-0006
2023-06-10,0.47876657626564295,AOI-0006
2023-06-15,0.5687653240485887,AOI-0006
2023-07-16,0.7233721071694438,AOI-0006
2023-08-28,0.5295456832638415,AOI-0006
2023-09-02,0.43521532740601354,AOI-0006
2023-09-14,0.365625506757525,AOI-0006
2023-09-18,0.36427632156844075,AOI-0006
2023-09-26,0.3233400051777486,AOI-0006
2023-10-02,0.27172757012131843,AOI-0006
2023-10-16,0.2625893361022874,AOI-0006
2023-10-17,0.24410003368648345,AOI-0006
2024-06-03,0.6493185914324088,AOI-0006
2024-06-24,0.32301947350490734,AOI-0006
2024-07-03,0.2493150463067825,AOI-0006
2024-07-13,0.2337343790733094,AOI-0006
2024-09-28,0.160873376552593,AOI-0006
2024-10-06,0.16530985638924553,AOI-0006
2024-10-26,0.19718450256378045,AOI-0006
2010-04-07,0.3897384718106769,AOI-0009
2010-05-18,0.6481589745802244,AOI-0009
2010-06-10,0.42250472951500573,AOI-0009
2010-09-14,0.20951857865945725,AOI-0009
2010-09-30,0.22602906844824405,AOI-0009
2011-05-25,0.4020540912622843,AOI-0009
2011-07-12,0.7128179973733612,AOI-0009
2011-07-28,0.5847105840868638,AOI-0009
2011-08-17,0.36457427909422935,AOI-0009
2011-09-10,0.28823581540641297,AOI-0009
2012-04-29,0.6041458026887049,AOI-0009
2012-05-08,0.7028243074573335,AOI-0009
2012-08-12,0.2595600380038936,AOI-0009
2012-08-28,0.29957957103442695,AOI-0009
2012-09-29,0.24442391877489364,AOI-0009
2012-10-06,0.27790781575671036,AOI-0009
2013-04-07,0.2832421617123967,AOI-0009
2013-07-21,0.5230009528645564,AOI-0009
2013-08-13,0.3405833153575814,AOI-0009
2013-09-14,0.3127394983836531,AOI-0009
2014-04-07,0.507772109210731,AOI-0009
2014-04-27,0.8011220788547705,AOI-0009
2014-05-29,0.7860266998110814,AOI-0009
2014-06-10,0.6470119944291491,AOI-0009
2014-06-22,0.42326458221694274,AOI-0009
2014-08-01,0.2258735033977872,AOI-0009
2014-08-09,0.194534315302266,AOI-0009
2014-08-17,0.19910058794749336,AOI-0009
2014-08-29,0.18359160743278208,AOI-0009
2015-04-14,0.39704343258091657,AOI-0009
2015-05-24,0.80088286635275,AOI-0009
2015-06-26,0.40962225756459547,AOI-0009
2015-10-07,0.24586414424214412,AOI-0009
2016-05-02,0.5772887699969991,AOI-0009
2016-06-25,0.5501737858313848,AOI-0009
2016-07-05,0.41162001208218163,AOI-0009
2016-07-13,0.4485545119506432,AOI-0009
2016-10-25,0.2617464874363755,AOI-0009
2017-04-01,0.16790133010232494,AOI-0009
2017-04-23,0.571006843187518,AOI-0009
2017-05-21,0.7989867886642718,AOI-0009
2017-07-12,0.2829571699578267,AOI-0009
2017-07-24,0.23940433127055472,AOI-0009
2017-08-09,0.20898225203728565,AOI-0009
2017-08-11,0.16166238978248884,AOI-0009
2017-08-14,0.20019189971099774,AOI-0009
2017-08-29,0.1892985635630647,AOI-0009
2017-09-05,0.19329743175267805,AOI-0009
2017-09-13,0.1661142621661661,AOI-0009
2017-09-15,0.1764225240583981,AOI-0009
2018-04-14,0.3395860798606205,AOI-0009
2018-04-23,0.6264030137993924,AOI-0009
2018-07-12,0.2516413575133092,AOI-0009
2018-09-29,0.16838747227289066,AOI-0009
2018-09-30,0.21255183671768474,AOI-0009
2018-10-13,0.1417096219219333,AOI-0009
2019-04-01,0.1298756738513085,AOI-0009
2019-04-25,0.2598063218579858,AOI-0009
2019-05-09,0.5109036993250433,AOI-0009
2019-05-18,0.47121731830017877,AOI-0009
2019-05-28,0.6418058771767299,AOI-0009
2019-06-28,0.2567652122896902,AOI-0009
2019-08-07,0.26539708207721563,AOI-0009
2019-08-21,0.22057892618704703,AOI-0009
2019-08-26,0.15798896672025362,AOI-0009
2019-08-31,0.1731092410645517,AOI-0009
2019-10-15,0.23443112569650337,AOI-0009
2020-05-13,0.7554587998608393,AOI-0009
2020-05-15,0.7475288611827614,AOI-0009
2020-05-24,0.7403106530506499,AOI-0009
2020-05-27,0.7435146255299647,AOI-0009
2020-05-29,0.7097111601259554,AOI-0009
2020-06-06,0.626678187266888,AOI-0009
2020-06-11,0.5510024007317813,AOI-0009
2020-06-29,0.23683897759344322,AOI-0009
2020-07-06,0.166556053025651,AOI-0009
2020-07-24,0.1623730535194416,AOI-0009
2020-07-27,0.1856810947778136,AOI-0009
2020-08-03,0.1259250522752779,AOI-0009
2020-08-12,0.19599302092562154,AOI-0009
2020-08-15,0.17475816805043834,AOI-0009
2020-08-17,0.156442914786615,AOI-0009
2020-08-28,0.15802945352725237,AOI-0009
2020-09-02,0.1636022143827573,AOI-0009
2020-09-29,0.17014736854115153,AOI-0009
2020-10-07,0.14284809478418117,AOI-0009
2020-10-15,0.1961168886543206,AOI-0009
2021-04-06,0.4742464787382842,AOI-0009
2021-04-30,0.7571631735264455,AOI-0009
2021-05-15,0.831945621206272,AOI-0009
2021-05-16,0.8435368011961389,AOI-0009
2021-07-14,0.23602240876301106,AOI-0009
2021-07-21,0.1977002109106945,AOI-0009
2021-07-26,0.21147086117504307,AOI-0009
2021-07-29,0.2031602030167682,AOI-0009
2021-08-20,0.18520355680196468,AOI-0009
2021-09-27,0.2658071106641022,AOI-0009
2021-10-02,0.31380890973153547,AOI-0009
2021-10-12,0.3201761064944733,AOI-0009
2021-10-15,0.3443494809478774,AOI-0009
2022-04-02,0.47855332726054883,AOI-0009
2022-06-06,0.7987332351298918,AOI-0009
2022-06-08,0.7896077149913786,AOI-0009
2022-06-11,0.7565708197347621,AOI-0009
2022-07-12,0.223392605676469,AOI-0009
2022-07-14,0.1893324502199913,AOI-0009
2022-08-23,0.17008325050395098,AOI-0009
2022-09-30,0.21523780697325684,AOI-0009
2022-10-02,0.13312867713110355,AOI-0009
2022-10-19,0.16694192901463298,AOI-0009
2022-10-22,0.22260709211120455,AOI-0009
2023-05-17,0.7763696010442694,AOI-0009
2023-05-25,0.7828729991942627,AOI-0009
2023-06-19,0.6339000072116486,AOI-0009
2023-06-26,0.45276099202325415,AOI-0009
2023-07-25,0.2822844948501249,AOI-0009
2023-08-13,0.30368280810851844,AOI-0009
2023-08-26,0.2375281737769323,AOI-0009
2023-08-28,0.2717365499070368,AOI-0009
2023-08-29,0.3010849420655955,AOI-0009
2023-09-14,0.2794292522764928,AOI-0009
2023-10-02,0.2191645194684112,AOI-0009
2023-10-12,0.2288253899396175,AOI-0009
2024-05-08,0.3733355884655564,AOI-0009
2024-06-18,0.6476148892617766,AOI-0009
2024-06-23,0.6575024155522776,AOI-0009
2024-06-28,0.6582006088724511,AOI-0009
2024-07-08,0.609144917980316,AOI-0009
2024-08-04,0.5088549336414622,AOI-0009
2024-08-09,0.48867945027182974,AOI-0009
2024-08-20,0.3872398575462218,AOI-0009
2024-08-27,0.32767317159164144,AOI-0009
2024-09-03,0.30882472791431875,AOI-0009
2024-09-06,0.2744581134512143,AOI-0009
2024-09-08,0.24940511803365378,AOI-0009
2024-09-13,0.3029940558171084,AOI-0009
2024-10-08,0.20957084096808754,AOI-0009
2010-07-13,0.35750539932263,AOI-0012
2010-08-22,0.28120876836131714,AOI-0012
2010-10-25,0.28649477381517363,AOI-0012
2011-05-21,0.7504081332253258,AOI-0012
2011-07-12,0.3175414989440162,AOI-0012
2011-08-13,0.282158979176144,AOI-0012
2011-09-02,0.32274656379210914,AOI-0012
2012-04-22,0.4126080367383735,AOI-0012
2012-06-09,0.42008722562841827,AOI-0012
2012-06-25,0.35227954086501984,AOI-0012
2012-08-03,0.3071276720221928,AOI-0012
2012-08-28,0.2683886985842756,AOI-0012
2012-09-13,0.28371065285067926,AOI-0012
2012-10-06,0.34761357766864825,AOI-0012
2013-05-09,0.7389477079768819,AOI-0012
2013-06-10,0.45154157205882534,AOI-0012
2013-07-13,0.33723865959670624,AOI-0012
2013-07-29,0.3414076954339571,AOI-0012
2013-10-09,0.3862047438029704,AOI-0012
2013-10-25,0.394794042284497,AOI-0012
2014-06-06,0.5404028682582983,AOI-0012
2014-06-22,0.3121025840093142,AOI-0012
2014-06-26,0.27811407333233057,AOI-0012
2014-06-30,0.2598985347361793,AOI-0012
2014-08-13,0.20034896472684088,AOI-0012
2014-09-14,0.21112679256698236,AOI-0012
2014-10-16,0.20514354928238554,AOI-0012
2014-10-28,0.1289737227669444,AOI-0012
2015-05-25,0.366351729626492,AOI-0012
2015-06-09,0.3398879033534127,AOI-0012
2015-08-12,0.23091865085701146,AOI-0012
2015-08-13,0.2394759479376372,AOI-0012
2015-08-20,0.2809256817154419,AOI-0012
2015-09-14,0.22622811562854572,AOI-0012
2016-08-06,0.3846773089700942,AOI-0012
2017-04-03,0.21606707067457487,AOI-0012
2017-04-07,0.33728793834100096,AOI-0012
2017-05-06,0.5958647419170122,AOI-0012
2017-07-24,0.25028774854672214,AOI-0012
2017-08-01,0.19464539027037525,AOI-0012
2017-08-04,0.20841331076996733,AOI-0012
2017-08-13,0.20404210567632358,AOI-0012
2017-08-14,0.2016759880748217,AOI-0012
2017-08-17,0.17997588242462567,AOI-0012
2017-09-05,0.2220367086812634,AOI-0012
2017-09-08,0.22635957027463488,AOI-0012
2017-09-30,0.23019669989838223,AOI-0012
2017-10-04,0.18405214066848638,AOI-0012
2018-04-11,0.6327383766116338,AOI-0012
2018-05-24,0.7721725821352182,AOI-0012
2018-05-25,0.7756126517738191,AOI-0012
2018-06-09,0.5222163461980093,AOI-0012
2018-09-13,0.20092559595221346,AOI-0012
2018-09-30,0.25493133339052254,AOI-0012
2019-04-01,0.27622599790255953,AOI-0012
2019-06-07,0.5769945755827087,AOI-0012
2019-06-17,0.28192505444419874,AOI-0012
2019-06-28,0.23172219327153765,AOI-0012
2019-07-22,0.25159071892287643,AOI-0012
2019-08-13,0.25531293314210857,AOI-0012
2019-09-13,0.20259726674161427,AOI-0012
2020-04-02,0.31828225636735685,AOI-0012
2020-04-25,0.6640210034717223,AOI-0012
2020-05-15,0.5853173887101741,AOI-0012
2020-06-09,0.44883412309538645,AOI-0012
2020-06-26,0.21040266839584765,AOI-0012
2020-07-24,0.19137144356019364,AOI-0012
2020-08-03,0.1462875339580143,AOI-0012
2020-08-05,0.18119443002542876,AOI-0012
2020-08-12,0.21343010266093612,AOI-0012
2020-09-09,0.16862890569492195,AOI-0012
2020-09-12,0.15551908301578532,AOI-0012
2020-09-22,0.17350907302257135,AOI-0012
2020-09-26,0.16205952563031564,AOI-0012
2020-10-17,0.1704672264816772,AOI-0012
2021-05-08,0.32706173685138645,AOI-0012
2021-05-25,0.32544275532120104,AOI-0012
2021-06-06,0.3073754506936277,AOI-0012
2021-06-26,0.22751736165354844,AOI-0012
2021-07-16,0.15699804673272108,AOI-0012
2021-07-21,0.1699088561564088,AOI-0012
2021-07-24,0.15920802964189046,AOI-0012
2021-08-18,0.18704478118910683,AOI-0012
2021-08-25,0.17250018509528248,AOI-0012
2021-08-30,0.17480728280963492,AOI-0012
2021-09-07,0.17793601767435194,AOI-0012
2022-06-06,0.7857760772228437,AOI-0012
2022-06-19,0.606341434780564,AOI-0012
2022-07-01,0.3034210272502604,AOI-0012
2022-07-28,0.2487181697574238,AOI-0012
2022-08-28,0.2787930835137363,AOI-0012
2022-09-08,0.25840270391714903,AOI-0012
2022-09-14,0.26083063486515407,AOI-0012
2023-04-10,0.5571189613447038,AOI-0012
2023-06-06,0.6620092238489188,AOI-0012
2023-06-23,0.37593923601363366,AOI-0012
2023-07-26,0.20744939413273536,AOI-0012
2023-08-05,0.16848251247168686,AOI-0012
2023-08-15,0.15717753375352272,AOI-0012
2023-10-07,0.1757186331184412,AOI-0012
2023-10-11,0.21395698166499258,AOI-0012
2024-04-01,0.5510870931712103,AOI-0012
2024-04-06,0.7505262893526033,AOI-0012
2024-05-08,0.80349639371872,AOI-0012
2024-05-09,0.7900804407204982,AOI-0012
2024-06-17,0.2757357731044892,AOI-0012
2024-07-08,0.15969643801078026,AOI-0012
2024-07-10,0.19965405368547456,AOI-0012
2024-07-20,0.1779232209441093,AOI-0012
2024-08-22,0.1472377438153843,AOI-0012
2024-10-07,0.1784063950546344,AOI-0012
2024-10-15,0.2161774026362898,AOI-0012
2010-04-24,0.44172294356637404,AOI-0016
2010-08-29,0.5614569762319196,AOI-0016
2011-05-09,0.7095986107077028,AOI-0016
2011-06-06,0.7902521205710256,AOI-0016
2011-06-10,0.7476457010647231,AOI-0016
2011-06-30,0.7087173941047485,AOI-0016
2011-07-28,0.5547018977675233,AOI-0016
2012-04-29,0.6307260946970886,AOI-0016
2012-07-11,0.7401264173447308,AOI-0016
2012-07-27,0.6570422194071693,AOI-0016
2012-09-11,0.5530471650484765,AOI-0016
2012-10-15,0.5545777376577454,AOI-0016
2013-06-03,0.7453215540906304,AOI-0016
2013-07-28,0.7082491122964891,AOI-0016
2013-08-13,0.6720614235625233,AOI-0016
2013-10-24,0.6357079350145555,AOI-0016
2014-04-07,0.4570248959630815,AOI-0016
2014-05-09,0.7067620488997916,AOI-0016
2014-05-21,0.7544119963288478,AOI-0016
2014-06-29,0.6534703911930576,AOI-0016
2014-07-08,0.6221483807024815,AOI-0016
2014-07-28,0.6286997636864803,AOI-0016
2015-04-06,0.43611881632441446,AOI-0016
2015-06-24,0.6422240601131481,AOI-0016
2015-07-12,0.7036100833581227,AOI-0016
2015-10-07,0.3805795376816051,AOI-0016
2016-05-25,0.600089986912802,AOI-0016
2016-06-03,0.5527085175110198,AOI-0016
2016-06-19,0.5385303623622292,AOI-0016
2016-07-04,0.5624726650130338,AOI-0016
2016-07-05,0.550123350721577,AOI-0016
2016-07-27,0.7570629824322863,AOI-0016
2017-04-03,0.24580641534916564,AOI-0016
2017-04-13,0.2689279793151485,AOI-0016
2017-08-09,0.5667855657864168,AOI-0016
2017-08-11,0.5592907800379637,AOI-0016
2017-08-17,0.5202862605776111,AOI-0016
2017-09-15,0.45429687597631413,AOI-0016
2018-04-06,0.24425585974960298,AOI-0016
2018-04-07,0.32014649664695305,AOI-0016
2018-04-11,0.2083884490981994,AOI-0016
2018-05-16,0.3124821147889738,AOI-0016
2018-06-02,0.36892160143441366,AOI-0016
2019-04-06,0.3330899513132462,AOI-0016
2019-04-21,0.2947290093090597,AOI-0016
2019-05-11,0.22479900024346722,AOI-0016
2019-06-26,0.6832213122502492,AOI-0016
2019-07-06,0.6082986610449133,AOI-0016
2019-07-17,0.6853236157009704,AOI-0016
2019-07-28,0.7390896104945793,AOI-0016
2019-08-24,0.39056617176551744,AOI-0016
2019-09-13,0.24914692901770982,AOI-0016
2019-09-23,0.23068847193592462,AOI-0016
2020-05-04,0.3257720457719868,AOI-0016
2020-06-26,0.6660206704015985,AOI-0016
2020-07-07,0.6967450322706966,AOI-0016
2020-08-08,0.4295838187678181,AOI-0016
2020-08-24,0.2946467955845061,AOI-0016
2020-08-30,0.24428857393372533,AOI-0016
2020-09-17,0.2000061141448143,AOI-0016
2020-09-19,0.16700874530656423,AOI-0016
2020-10-03,0.23752160383918317,AOI-0016
2020-10-17,0.16800909947105835,AOI-0016
2021-04-02,0.33387035493063805,AOI-0016
2021-04-15,0.4335408196142625,AOI-0016
2021-05-12,0.816936275940866,AOI-0016
2021-06-14,0.8157984021642048,AOI-0016
2021-07-14,0.23575337620848824,AOI-0016
2021-07-24,0.18024586030090922,AOI-0016
2021-08-03,0.1740092338477926,AOI-0016
2021-08-29,0.2258068156603426,AOI-0016
2021-09-17,0.21179695473207363,AOI-0016
2021-09-29,0.18258108064400783,AOI-0016
2021-10-14,0.1990854680531386,AOI-0016
2022-06-04,0.3904343413472561,AOI-0016
2022-06-06,0.41691536841295357,AOI-0016
2022-07-06,0.8122372553340811,AOI-0016
2022-07-19,0.8036919903440872,AOI-0016
2022-07-21,0.7662491993944862,AOI-0016
2022-07-29,0.7370594728927139,AOI-0016
2022-08-03,0.7137890323283219,AOI-0016
2022-08-05,0.7255781852137173,AOI-0016
2022-08-08,0.6463482496225262,AOI-0016
2022-08-13,0.5464027486618755,AOI-0016
2022-08-23,0.4109864382282032,AOI-0016
2022-09-27,0.24575160340390942,AOI-0016
2022-10-19,0.1809595802430398,AOI-0016
2023-04-11,0.6724519549455128,AOI-0016
2023-05-05,0.8029786763511231,AOI-0016
2023-05-25,0.7721141806673804,AOI-0016
2023-06-07,0.6738135187372363,AOI-0016
2023-06-11,0.6292847378294725,AOI-0016
2023-07-16,0.3126010468411165,AOI-0016
2023-07-17,0.28010445928779526,AOI-0016
2023-07-24,0.29479796688030696,AOI-0016
2023-07-28,0.2707100832086363,AOI-0016
2023-08-17,0.1832429387408983,AOI-0016
2023-08-25,0.17619461513274887,AOI-0016
2023-09-07,0.1557129672519346,AOI-0016
2023-09-26,0.20418740026228352,AOI-0016
2023-10-16,0.22890298592293024,AOI-0016
2023-10-19,0.18969366901368903,AOI-0016
2024-04-26,0.38935158467762215,AOI-0016
2024-05-04,0.4836701620174823,AOI-0016
2024-05-06,0.48542689371238523,AOI-0016
2024-05-09,0.50240930040937,AOI-0016
2024-06-05,0.3918471730230061,AOI-0016
2024-06-13,0.31302131658852705,AOI-0016
2024-06-24,0.2816082645896282,AOI-0016
2024-07-10,0.23619492827150676,AOI-0016
2024-07-18,0.20088176205085995,AOI-0016
2024-09-11,0.15309880710550627,AOI-0016
2024-09-16,0.1348110794281836,AOI-0016
2024-10-07,0.19351729991386982,AOI-0016
2024-10-30,0.19801708346598787,AOI-0016
2010-07-12,0.7096364781529106,AOI-0018
2010-08-29,0.5942815603103715,AOI-0018
2010-09-30,0.49809639490893576,AOI-0018
2011-04-26,0.27531706986807264,AOI-0018
2011-05-21,0.6838589149104376,AOI-0018
2011-05-25,0.7403446898067316,AOI-0018
2011-06-22,0.7700985151341097,AOI-0018
2011-06-26,0.7607967821585748,AOI-0018
2011-07-15,0.6502515273254839,AOI-0018
2011-07-28,0.6222657182811286,AOI-0018
2011-08-17,0.6329855670275053,AOI-0018
2011-10-27,0.3704860597825965,AOI-0018
2012-04-06,0.4279307404971426,AOI-0018
2012-07-25,0.7123613082707404,AOI-0018
2012-07-27,0.6866073021499106,AOI-0018
2012-09-04,0.5602960511880659,AOI-0018
2012-10-06,0.609734868821082,AOI-0018
2012-10-15,0.6910162769680381,AOI-0018
2013-06-11,0.620604613225706,AOI-0018
2013-08-13,0.7406760038690849,AOI-0018
2013-08-21,0.6717408418796653,AOI-0018
2013-09-22,0.6114737758036477,AOI-0018
2013-10-16,0.6932863522866471,AOI-0018
2014-05-09,0.7221376231214333,AOI-0018
2014-06-06,0.6924243524035695,AOI-0018
2014-06-10,0.6735665657072647,AOI-0018
2014-09-14,0.4895975634779767,AOI-0018
2015-04-07,0.5555172401174738,AOI-0018
2015-05-23,0.7063084940266263,AOI-0018
2015-05-25,0.7113683875392247,AOI-0018
2015-08-04,0.4831831818545412,AOI-0018
2015-08-11,0.4799247161460317,AOI-0018
2015-09-28,0.43072554324133666,AOI-0018
2016-05-18,0.7273573911977951,AOI-0018
2016-06-03,0.7253916302011271,AOI-0018
2016-06-18,0.7205737862647473,AOI-0018
2016-07-13,0.5711075409992874,AOI-0018
2016-08-22,0.5504676934340162,AOI-0018
2016-10-16,0.6761282648265933,AOI-0018
2017-07-12,0.7140460256560627,AOI-0018
2017-08-08,0.628591106628526,AOI-0018
2017-08-13,0.5960259278537583,AOI-0018
2017-09-02,0.5764870963711015,AOI-0018
2017-09-26,0.503630846131868,AOI-0018
2017-10-04,0.4513528547543064,AOI-0018
2017-10-05,0.4492364794815939,AOI-0018
2017-10-08,0.4473271914196435,AOI-0018
2018-06-15,0.5849245559996326,AOI-0018
2018-07-18,0.5333066132239485,AOI-0018
2018-07-28,0.4702191896906307,AOI-0018
2018-08-13,0.3731349897840135,AOI-0018
2018-08-20,0.3398607369783121,AOI-0018
2018-09-05,0.27084569972356765,AOI-0018
2018-10-07,0.2443451605030733,AOI-0018
2019-04-28,0.4114796403422188,AOI-0018
2019-05-02,0.3947489404560475,AOI-0018
2019-05-06,0.337307365611077,AOI-0018
2019-05-13,0.3143542837347246,AOI-0018
2019-05-18,0.2634762603932337,AOI-0018
2019-05-21,0.25555586246328965,AOI-0018
2019-05-25,0.4086927213938079,AOI-0018
2019-06-25,0.33516463035680705,AOI-0018
2019-06-26,0.35420959544387803,AOI-0018
2019-07-12,0.5802024349858811,AOI-0018
2019-08-29,0.5388436476051554,AOI-0018
2019-09-03,0.4565375521761984,AOI-0018
2019-09-10,0.34600769412515475,AOI-0018
2019-10-10,0.2537680171578529,AOI-0018
2019-10-13,0.2790477349051044,AOI-0018
2020-06-11,0.5952745685305008,AOI-0018
2020-06-25,0.37055483163801123,AOI-0018
2020-07-14,0.1808662358865471,AOI-0018
2020-08-20,0.19208417429327407,AOI-0018
2020-09-02,0.2138403138674956,AOI-0018
2020-09-04,0.17937928474084355,AOI-0018
2020-09-12,0.18535295202385307,AOI-0018
2020-09-26,0.18966297129950357,AOI-0018
2020-10-07,0.1948306292541647,AOI-0018
2020-10-09,0.18078324251731265,AOI-0018
2020-10-27,0.17637064595590948,AOI-0018
2021-04-02,0.22986211754576125,AOI-0018
2021-04-07,0.44451485176731953,AOI-0018
2021-05-09,0.849866333437427,AOI-0018
2021-05-12,0.8147881520536552,AOI-0018
2021-05-20,0.8291417887641593,AOI-0018
2021-05-23,0.8243650365619128,AOI-0018
2021-06-14,0.8251665190443443,AOI-0018
2021-07-19,0.2368019114824863,AOI-0018
2021-07-28,0.2354026749797869,AOI-0018
2021-08-12,0.16162595058548743,AOI-0018
2021-08-23,0.21177840572535828,AOI-0018
2021-08-25,0.22560751204140658,AOI-0018
2021-08-29,0.2952350191105388,AOI-0018
2021-09-13,0.20969196769964152,AOI-0018
2021-10-27,0.26062918378951233,AOI-0018
2022-04-05,0.16720352970314206,AOI-0018
2022-04-08,0.30460317708029844,AOI-0018
2022-05-20,0.41242506807983853,AOI-0018
2022-06-04,0.4759072711750141,AOI-0018
2022-06-08,0.5441571042330269,AOI-0018
2022-06-19,0.7439554498545732,AOI-0018
2022-06-24,0.7647464977297241,AOI-0018
2022-07-22,0.7940048328979065,AOI-0018
2022-07-30,0.7413397174029339,AOI-0018
2022-08-10,0.6381933309920378,AOI-0018
2022-08-28,0.3424977906334571,AOI-0018
2022-08-31,0.30577127277530114,AOI-0018
2022-10-19,0.193473782159699,AOI-0018
2023-04-04,0.6629270333802715,AOI-0018
2023-04-10,0.5787810301218946,AOI-0018
2023-05-09,0.8934019953891944,AOI-0018
2023-05-15,0.8220128407426639,AOI-0018
2023-05-25,0.8212434338930481,AOI-0018
2023-06-24,0.4270973088652718,AOI-0018
2023-07-06,0.3043095551006916,AOI-0018
2023-07-16,0.31682218330177003,AOI-0018
2023-07-24,0.2966640918381661,AOI-0018
2023-08-02,0.22285756121160105,AOI-0018
2023-08-30,0.17950497141275312,AOI-0018
2023-09-12,0.18361894326557146,AOI-0018
2023-09-18,0.22217221234954282,AOI-0018
2023-10-12,0.19106438395569658,AOI-0018
2023-10-19,0.22250271515672487,AOI-0018
2024-04-05,0.3027185386532891,AOI-0018
2024-04-29,0.2718523933887058,AOI-0018
2024-05-07,0.2834237218171107,AOI-0018
2024-06-17,0.7754144264540151,AOI-0018
2024-06-25,0.7292159090439869,AOI-0018
2024-06-28,0.7592314771967492,AOI-0018
2024-07-05,0.683349334824185,AOI-0018
2024-08-03,0.5031139323155092,AOI-0018
2024-08-20,0.2937675052777532,AOI-0018
2024-09-20,0.23068981602435712,AOI-0018
2024-09-23,0.18785209910045028,AOI-0018
2024-10-01,0.20034259561497914,AOI-0018
2024-10-30,0.23955549351589683,AOI-0018
2010-04-23,0.31268740563377545,AOI-0024
2010-06-19,0.42048944036525837,AOI-0024
2010-07-28,0.753348188925941,AOI-0024
2010-10-16,0.3133846919930738,AOI-0024
2011-06-14,0.3600249803213767,AOI-0024
2011-06-26,0.3178693965831385,AOI-0024
2011-07-16,0.41969461156200505,AOI-0024
2011-09-14,0.41587111288396417,AOI-0024
2011-10-16,0.3771349455323148,AOI-0024
2012-04-04,0.1727560117588331,AOI-0024
2012-04-06,0.28317740044342726,AOI-0024
2012-06-23,0.5037378532799776,AOI-0024
2012-07-18,0.31012359221901564,AOI-0024
2012-08-28,0.25853950956686106,AOI-0024
2012-09-04,0.23170930288028965,AOI-0024
2012-09-13,0.2776695334703068,AOI-0024
2012-09-27,0.30723484008605967,AOI-0024
2013-04-16,0.22511452207815985,AOI-0024
2013-06-11,0.4225167408479616,AOI-0024
2013-07-20,0.5580681504691698,AOI-0024
2013-07-29,0.5085959171104664,AOI-0024
2013-08-22,0.4025188950777655,AOI-0024
2013-09-14,0.37358315399103337,AOI-0024
2014-05-09,0.6485662056634053,AOI-0024
2014-07-12,0.2785616576367985,AOI-0024
2014-08-09,0.19597137458198202,AOI-0024
2014-08-16,0.19641628496629515,AOI-0024
2014-09-30,0.23100218374363535,AOI-0024
2014-10-04,0.2123236664385725,AOI-0024
2015-04-14,0.36573149957807977,AOI-0024
2015-07-11,0.3115934071442796,AOI-0024
2015-07-12,0.3282577096214374,AOI-0024
2015-07-28,0.36265628269297756,AOI-0024
2015-09-29,0.27195915098056345,AOI-0024
2016-04-08,0.2994144945176586,AOI-0024
2016-04-23,0.3431317838047885,AOI-0024
2016-06-19,0.677236953835836,AOI-0024
2016-08-12,0.7227794776052323,AOI-0024
2016-08-22,0.626962506800001,AOI-0024
2016-08-30,0.5578651939035614,AOI-0024
2016-09-14,0.42610526110473246,AOI-0024
2016-10-16,0.3988672099776283,AOI-0024
2017-04-26,0.5878620630941701,AOI-0024
2017-05-01,0.633553006067553,AOI-0024
2017-05-12,0.7649390760176714,AOI-0024
2017-05-29,0.8241326174945279,AOI-0024
2017-06-13,0.7233990894285123,AOI-0024
2017-06-14,0.6879737978666964,AOI-0024
2017-06-29,0.409464852418377,AOI-0024
2017-07-07,0.29953025682296613,AOI-0024
2017-07-15,0.276726760015624,AOI-0024
2017-08-01,0.21782595510330235,AOI-0024
2017-08-04,0.22089201242933618,AOI-0024
2017-08-08,0.21585955824079858,AOI-0024
2017-08-16,0.20086686446114513,AOI-0024
2017-08-24,0.18426378877695324,AOI-0024
2017-09-02,0.1866910109822072,AOI-0024
2017-09-05,0.18259362742228966,AOI-0024
2017-09-18,0.19372882106299164,AOI-0024
2017-09-30,0.233113421958408,AOI-0024
2018-04-14,0.24983178368001144,AOI-0024
2018-06-24,0.39636171571100753,AOI-0024
2018-06-25,0.3811169497468695,AOI-0024
2018-08-19,0.23534508142085608,AOI-0024
2018-09-04,0.20741006551224891,AOI-0024
2018-09-29,0.1770361961064778,AOI-0024
2019-04-01,0.2678091714937306,AOI-0024
2019-04-21,0.5296392607018945,AOI-0024
2019-05-11,0.7339021749103137,AOI-0024
2019-05-28,0.8575680032401,AOI-0024
2019-08-23,0.19983152699419557,AOI-0024
2019-08-24,0.2196155000556181,AOI-0024
2019-09-14,0.27087876332626837,AOI-0024
2019-09-15,0.218630386740867,AOI-0024
2019-09-16,0.2606542495003612,AOI-0024
2019-10-09,0.2888705444196087,AOI-0024
2019-10-26,0.3232404096149594,AOI-0024
2020-04-30,0.23294096041256512,AOI-0024
2020-05-27,0.38201483160740146,AOI-0024
2020-07-07,0.6872743461346975,AOI-0024
2020-08-09,0.3613087419363932,AOI-0024
2020-08-12,0.308176270341652,AOI-0024
2020-09-22,0.1899357051535112,AOI-0024
2020-10-15,0.21956267414156544,AOI-0024
2021-06-10,0.8193991534581656,AOI-0024
2021-07-12,0.27347584037285255,AOI-0024
2021-08-03,0.22540262256388136,AOI-0024
2021-08-12,0.15469859820260246,AOI-0024
2021-08-23,0.21678662545694202,AOI-0024
2021-08-25,0.22239178306624316,AOI-0024
2022-04-05,0.5152110344471491,AOI-0024
2022-05-25,0.8357653947869934,AOI-0024
2022-06-04,0.8830266994378002,AOI-0024
2022-06-30,0.3879899443843732,AOI-0024
2022-07-01,0.3446337936172717,AOI-0024
2022-07-17,0.2567143015007757,AOI-0024
2022-08-22,0.2801418453149911,AOI-0024
2022-09-01,0.27987634620551605,AOI-0024
2022-09-30,0.3691167021205793,AOI-0024
2022-10-01,0.34055253960391074,AOI-0024
2023-04-23,0.3704745763698384,AOI-0024
2023-04-27,0.27902287910398366,AOI-0024
2023-05-12,0.2613116136365201,AOI-0024
2023-05-17,0.28500935482391243,AOI-0024
2023-06-19,0.6188206843258094,AOI-0024
2023-07-05,0.7778139516020541,AOI-0024
2023-07-21,0.7899355646489371,AOI-0024
2023-08-01,0.7854721126853709,AOI-0024
2023-08-06,0.7840620294763562,AOI-0024
2023-08-13,0.6844423603198738,AOI-0024
2023-08-18,0.5978075180538699,AOI-0024
2023-09-22,0.263324790495279,AOI-0024
2023-09-29,0.2287340383265566,AOI-0024
2023-10-11,0.22743468233338843,AOI-0024
2023-10-12,0.2189754371340151,AOI-0024
2024-04-05,0.745309368252416,AOI-0024
2024-04-11,0.7585492996589384,AOI-0024
2024-05-23,0.8595883838602019,AOI-0024
2024-06-24,0.2768573588379697,AOI-0024
2024-06-28,0.21258753511071396,AOI-0024
2024-07-11,0.21241559028321952,AOI-0024
2024-07-15,0.17360865296074082,AOI-0024
2024-07-27,0.19306839427223885,AOI-0024
2024-07-30,0.1670412363825498,AOI-0024
2024-08-09,0.15264464085091173,AOI-0024
2024-09-21,0.13820593018638333,AOI-0024
2024-10-03,0.1476214904152651,AOI-0024
2024-10-08,0.14214768600626748,AOI-0024
2010-06-02,0.6242933838725478,AOI-0025
2011-04-02,0.12364726192180198,AOI-0025
2011-04-07,0.2696193813332831,AOI-0025
2011-06-26,0.2748097440943458,AOI-0025
2011-08-08,0.2773763999146456,AOI-0025
2012-04-04,0.47002719595501086,AOI-0025
2012-05-24,0.702206466562162,AOI-0025
2012-08-26,0.22343709944742432,AOI-0025
2013-04-07,0.3258770800824626,AOI-0025
2013-04-23,0.37280888006130836,AOI-0025
2013-08-13,0.20954548234772075,AOI-0025
2013-10-16,0.5047055261492901,AOI-0025
2014-04-18,0.7991466489912065,AOI-0025
2014-05-09,0.8802337015441744,AOI-0025
2014-07-28,0.27131349607063593,AOI-0025
2014-08-24,0.24495819790432255,AOI-0025
2015-04-13,0.21166400541892477,AOI-0025
2015-05-25,0.42069182131892263,AOI-0025
2015-08-13,0.22354535774329434,AOI-0025
2015-09-14,0.21577837740665393,AOI-0025
2016-04-06,0.4620921350464334,AOI-0025
2016-05-09,0.8000397049227964,AOI-0025
2016-05-25,0.7343530332013877,AOI-0025
2016-06-10,0.4847203210919142,AOI-0025
2016-06-18,0.3788747103761715,AOI-0025
2016-07-11,0.23980968891829935,AOI-0025
2016-07-27,0.21579065246696824,AOI-0025
2016-08-12,0.23599506493207156,AOI-0025
2016-09-13,0.21900928573757214,AOI-0025
2016-10-15,0.24824430914153145,AOI-0025
2016-10-24,0.1769735300672576,AOI-0025
2017-04-02,0.2555982203419345,AOI-0025
2017-04-23,0.38129753589290905,AOI-0025
2017-05-25,0.36227562570301347,AOI-0025
2017-07-28,0.6248461541472323,AOI-0025
2017-07-31,0.5753182982482756,AOI-0025
2017-08-09,0.3900571104093784,AOI-0025
2017-08-29,0.2145678399313228,AOI-0025
2018-07-26,0.3503157417061976,AOI-0025
2018-09-12,0.18824378312761575,AOI-0025
2019-04-07,0.23636475593167952,AOI-0025
2019-05-02,0.26837848447079465,AOI-0025
2019-06-27,0.17301429291697734,AOI-0025
2019-08-06,0.19311296963503002,AOI-0025
2019-08-19,0.13156199079688988,AOI-0025
2019-08-22,0.18797338912566833,AOI-0025
2019-08-29,0.11639815528281075,AOI-0025
2019-09-14,0.17312482653893818,AOI-0025
2019-09-23,0.11849222683241109,AOI-0025
2019-10-23,0.5383603197122345,AOI-0025
2020-05-30,0.8074953634578905,AOI-0025
2020-08-13,0.1939821079370087,AOI-0025
2020-09-22,0.1596851443316452,AOI-0025
2020-10-12,0.1367459431043146,AOI-0025
2021-05-31,0.7960907210780838,AOI-0025
2021-06-24,0.6133653584050842,AOI-0025
2021-07-14,0.22402345791133693,AOI-0025
2021-07-28,0.1967543333282566,AOI-0025
2021-09-14,0.22401603395177067,AOI-0025
2021-10-16,0.22711471027318242,AOI-0025
2022-06-09,0.8238706463492974,AOI-0025
2022-06-11,0.796328324197608,AOI-0025
2022-06-13,0.7636146974889367,AOI-0025
2022-06-29,0.36908631085674054,AOI-0025
2022-07-21,0.1708723279980831,AOI-0025
2022-08-13,0.1772645399726664,AOI-0025
2022-08-14,0.1849413859927253,AOI-0025
2022-08-29,0.18031585910754863,AOI-0025
2022-09-30,0.242577043060613,AOI-0025
2023-05-09,0.4725963174047812,AOI-0025
2023-05-15,0.28237095716411975,AOI-0025
2023-06-26,0.7148662746549882,AOI-0025
2023-07-16,0.6617889868637902,AOI-0025
2023-08-01,0.745568062473449,AOI-0025
2023-08-13,0.7075786596309863,AOI-0025
2023-09-30,0.290200117132016,AOI-0025
2024-05-07,0.8416198246606782,AOI-0025
2024-05-23,0.7837698311971805,AOI-0025
2024-07-18,0.189820727571886,AOI-0025
2024-07-28,0.19537722200287105,AOI-0025
2024-08-12,0.18683144432737636,AOI-0025
2024-08-17,0.1588207138146919,AOI-0025
2024-09-16,0.11996155592562033,AOI-0025
2024-09-26,0.13717592346618687,AOI-0025
2024-10-11,0.12719695441538856,AOI-0025
2024-10-30,0.19959068883694814,AOI-0025
2010-08-13,0.1940786425501952,AOI-0029
2010-08-29,0.16813431945327229,AOI-0029
2011-04-26,0.46030616909215094,AOI-0029
2012-05-24,0.5109855687588792,AOI-0029
2012-06-09,0.6034495600727734,AOI-0029
2012-07-27,0.3515370647300335,AOI-0029
2012-09-27,0.24680984557031357,AOI-0029
2013-04-15,0.7527395631849089,AOI-0029
2013-05-09,0.8334162469691517,AOI-0029
2014-05-20,0.4207120222677615,AOI-0029
2014-06-10,0.28178018456325965,AOI-0029
2014-07-28,0.17195823863753576,AOI-0029
2014-08-13,0.15459783899896928,AOI-0029
2015-04-23,0.8594509653255215,AOI-0029
2016-04-07,0.27552775800150753,AOI-0029
2016-06-18,0.7449988454283962,AOI-0029
2016-07-04,0.7354519932890667,AOI-0029
2016-08-13,0.38513031407319004,AOI-0029
2016-09-29,0.35357641424681086,AOI-0029
2017-04-01,0.48703401183642964,AOI-0029
2017-04-07,0.5969961412471901,AOI-0029
2017-05-01,0.7047671329855871,AOI-0029
2017-06-10,0.6731804462190789,AOI-0029
2017-06-26,0.3456560880483667,AOI-0029
2017-08-04,0.2155336375487903,AOI-0029
2017-08-09,0.1892858969655792,AOI-0029
2017-08-13,0.2108626397409012,AOI-0029
2017-09-01,0.19395412063559836,AOI-0029
2017-09-30,0.21045106641853717,AOI-0029
2018-04-23,0.3083501662213378,AOI-0029
2018-06-16,0.18412563423648376,AOI-0029
2018-09-12,0.14078344743393587,AOI-0029
2018-09-18,0.16317367183653872,AOI-0029
2018-09-30,0.19469403364938645,AOI-0029
2019-04-11,0.525053916489228,AOI-0029
2019-04-23,0.7390151401193638,AOI-0029
2019-06-05,0.7825647196973521,AOI-0029
2019-06-15,0.5793076922812281,AOI-0029
2019-06-25,0.29160866516314,AOI-0029
2019-07-25,0.2493975576615773,AOI-0029
2019-07-28,0.22139246055707731,AOI-0029
2019-09-13,0.13535914203455965,AOI-0029
2019-09-23,0.15585570458653455,AOI-0029
2020-04-02,0.1869445589713549,AOI-0029
2020-04-06,0.2465043256785389,AOI-0029
2020-05-20,0.5856856392687839,AOI-0029
2020-07-14,0.1576280070157147,AOI-0029
2020-07-23,0.20654478130845155,AOI-0029
2020-08-03,0.13388264616086587,AOI-0029
2020-09-02,0.1691963413692951,AOI-0029
2020-09-17,0.13682318021420103,AOI-0029
2020-09-25,0.14917503620148737,AOI-0029
2021-04-21,0.5789345977141869,AOI-0029
2021-05-07,0.809767986516195,AOI-0029
2021-05-23,0.8120590252511023,AOI-0029
2021-06-16,0.7477137106796787,AOI-0029
2021-06-19,0.7603163568745533,AOI-0029
2021-06-26,0.6057564597134306,AOI-0029
2021-07-10,0.3006630228064874,AOI-0029
2021-09-17,0.20396994207218622,AOI-0029
2021-10-07,0.20396728063577155,AOI-0029
2021-10-22,0.21965750335720302,AOI-0029
2021-10-27,0.2320474052862354,AOI-0029
2022-04-10,0.26444621248761396,AOI-0029
2022-04-15,0.32891403808349406,AOI-0029
2022-06-09,0.5437761657031026,AOI-0029
2022-06-19,0.6876886069457196,AOI-0029
2022-07-05,0.7705534502462392,AOI-0029
2022-07-12,0.7289743760563284,AOI-0029
2022-08-03,0.6082302090391205,AOI-0029
2022-08-29,0.3633944437790504,AOI-0029
2022-09-17,0.22598516091923954,AOI-0029
2023-06-30,0.35428890845292393,AOI-0029
2023-07-12,0.2828133254309176,AOI-0029
2023-07-28,0.2500586102905498,AOI-0029
2023-08-01,0.20170366593139324,AOI-0029
2023-08-09,0.25512562829171204,AOI-0029
2023-08-25,0.2159076840441214,AOI-0029
2023-09-22,0.1573952619852518,AOI-0029
2023-09-24,0.15758259370535233,AOI-0029
2024-05-24,0.23074507795058655,AOI-0029
2024-06-24,0.18429679632516083,AOI-0029
2024-06-28,0.15670467393688225,AOI-0029
2024-07-03,0.15777456197895304,AOI-0029
2024-07-11,0.18561551320225614,AOI-0029
2024-09-28,0.13049037819256828,AOI-0029
2010-04-26,0.3202369316881557,AOI-0034
2010-05-28,0.5584646520070216,AOI-0034
2010-06-12,0.6111392474757111,AOI-0034
2010-07-31,0.24894828291242005,AOI-0034
2011-04-07,0.34429445024727545,AOI-0034
2011-04-28,0.39744881108484625,AOI-0034
2011-06-16,0.293203871973583,AOI-0034
2011-06-26,0.23507220234383064,AOI-0034
2011-07-26,0.19953481996552253,AOI-0034
2011-08-18,0.173243800562201,AOI-0034
2011-09-27,0.23743626340791968,AOI-0034
2011-09-30,0.28847476018362217,AOI-0034
2012-05-01,0.5627141697092648,AOI-0034
2012-05-17,0.538507674261382,AOI-0034
2012-05-24,0.5201489849563102,AOI-0034
2012-06-09,0.3879325997943234,AOI-0034
2012-06-25,0.30047756322593816,AOI-0034
2012-07-27,0.23321995230475606,AOI-0034
2012-08-12,0.19872319472431993,AOI-0034
2013-04-02,0.15185282139565529,AOI-0034
2013-04-18,0.3218327911869283,AOI-0034
2013-05-11,0.31653706447870583,AOI-0034
2013-06-13,0.20707225410025962,AOI-0034
2013-06-21,0.19544626143347488,AOI-0034
2013-07-14,0.199530005016998,AOI-0034
2013-08-23,0.20351449491601997,AOI-0034
2013-10-10,0.38628030357058735,AOI-0034
2014-07-10,0.17204999990248543,AOI-0034
2014-10-29,0.19688316504481593,AOI-0034
2015-04-24,0.22190908379433633,AOI-0034
2015-05-26,0.23223218812774765,AOI-0034
2015-07-04,0.16474051834789152,AOI-0034
2015-08-13,0.14348424682013425,AOI-0034
2015-08-29,0.13751981947415898,AOI-0034
2015-09-07,0.16020023332672478,AOI-0034
2015-09-15,0.141119148958103,AOI-0034
2015-09-22,0.14323442104812445,AOI-0034
2015-10-08,0.17662384051388927,AOI-0034
2016-06-12,0.4302550767395084,AOI-0034
2016-06-21,0.29389222498836054,AOI-0034
2016-07-27,0.2230648920675268,AOI-0034
2016-08-31,0.17819362152726587,AOI-0034
2016-10-15,0.24759686508625106,AOI-0034
2016-10-26,0.15130709701716777,AOI-0034
2017-04-03,0.22346012786870736,AOI-0034
2017-04-04,0.216402678191049,AOI-0034
2017-05-07,0.30032187827862716,AOI-0034
2017-06-10,0.28834381776352136,AOI-0034
2017-07-17,0.13696960836119032,AOI-0034
2017-07-25,0.1930472450647999,AOI-0034
2017-08-02,0.17350145425166874,AOI-0034
2017-08-06,0.13476538228067061,AOI-0034
2017-08-19,0.14291855502138745,AOI-0034
2017-09-11,0.17429339978532424,AOI-0034
2017-09-28,0.27873729010997755,AOI-0034
2018-04-28,0.7802858731646964,AOI-0034
2018-05-17,0.789867763805169,AOI-0034
2018-05-30,0.6625540277602813,AOI-0034
2018-06-11,0.3717153282793742,AOI-0034
2018-06-27,0.18260719610346327,AOI-0034
2018-09-05,0.15776464843007745,AOI-0034
2019-04-23,0.23605522332086767,AOI-0034
2019-05-18,0.16884652275910017,AOI-0034
2019-05-29,0.1878234414595384,AOI-0034
2019-06-04,0.20135746700866697,AOI-0034
2019-06-17,0.1614361257555857,AOI-0034
2019-06-22,0.12063254887240207,AOI-0034
2019-06-24,0.15050645063546686,AOI-0034
2019-06-27,0.12226736354491768,AOI-0034
2019-07-19,0.15644803088361503,AOI-0034
2019-07-29,0.16479882617990993,AOI-0034
2019-08-11,0.15138415069452668,AOI-0034
2019-08-13,0.16390100464789023,AOI-0034
2019-09-02,0.14276751083670097,AOI-0034
2019-09-14,0.19130077207585472,AOI-0034
2019-09-17,0.1609079309291876,AOI-0034
2019-10-22,0.6825489020141216,AOI-0034
2020-04-14,0.7251755682826098,AOI-0034
2020-04-17,0.7351348128005835,AOI-0034
2020-04-29,0.6148795707329738,AOI-0034
2020-05-04,0.5987149716488821,AOI-0034
2020-05-24,0.6265660227038612,AOI-0034
2020-05-31,0.515578847596915,AOI-0034
2020-06-03,0.5167325986138863,AOI-0034
2020-07-10,0.15396057935091761,AOI-0034
2020-07-16,0.12600927123486955,AOI-0034
2020-07-23,0.07385362222830258,AOI-0034
2020-07-25,0.1549773166651708,AOI-0034
2020-07-28,0.13156167628708126,AOI-0034
2020-07-31,0.12671257654938842,AOI-0034
2020-08-07,0.11741742861891424,AOI-0034
2020-08-11,0.13847051291169332,AOI-0034
2020-09-03,0.13110191759413722,AOI-0034
2020-09-04,0.1287018617365572,AOI-0034
2020-09-29,0.1437841969278369,AOI-0034
2020-10-15,0.18649144628055325,AOI-0034
2021-04-12,0.14180360335141895,AOI-0034
2021-04-22,0.13467330131320787,AOI-0034
2021-05-01,0.1743056540464175,AOI-0034
2021-05-07,0.2000442010039129,AOI-0034
2021-05-10,0.23724604343604844,AOI-0034
2021-05-29,0.21297247290623414,AOI-0034
2021-07-26,0.15789506605873435,AOI-0034
2021-07-28,0.1386979638555017,AOI-0034
2021-07-31,0.11960543995386454,AOI-0034
2021-08-02,0.10420843382087452,AOI-0034
2021-08-06,0.16664529123862346,AOI-0034
2021-08-17,0.16753745750019544,AOI-0034
2021-08-29,0.17916265534173892,AOI-0034
2021-09-11,0.11912898741438471,AOI-0034
2021-09-14,0.12528139900088098,AOI-0034
2021-09-15,0.13260008898768066,AOI-0034
2021-10-06,0.24212598443285405,AOI-0034
2021-10-09,0.30117570953654366,AOI-0034
2022-04-12,0.6900799921443339,AOI-0034
2022-05-29,0.795359289096987,AOI-0034
2022-06-11,0.47688514600161674,AOI-0034
2022-06-20,0.29895843877100853,AOI-0034
2022-06-30,0.2142932043017811,AOI-0034
2022-08-25,0.12810741657125707,AOI-0034
2022-09-06,0.17356938716093395,AOI-0034
2022-09-09,0.14179164117253967,AOI-0034
2022-10-01,0.15097850020002745,AOI-0034
2022-10-06,0.15157749182863256,AOI-0034
2023-04-04,0.20149666730152682,AOI-0034
2023-04-17,0.1774051992315776,AOI-0034
2023-04-23,0.27032379733361667,AOI-0034
2023-05-31,0.2563862763670142,AOI-0034
2023-07-21,0.15547457763688463,AOI-0034
2023-07-23,0.15264467757997027,AOI-0034
2023-07-28,0.1766496873960444,AOI-0034
2023-08-08,0.15545551834332427,AOI-0034
2023-08-17,0.1939785833982438,AOI-0034
2023-09-26,0.24410205577844538,AOI-0034
2023-09-28,0.25265721704012983,AOI-0034
2023-09-30,0.29582230316110597,AOI-0034
2023-10-01,0.296490295369594,AOI-0034
2024-04-28,0.7967190226282276,AOI-0034
2024-05-09,0.7738923431059269,AOI-0034
2024-05-10,0.7499842628225799,AOI-0034
2024-05-21,0.6416721210955305,AOI-0034
2024-06-26,0.2125720976909281,AOI-0034
2024-08-16,0.13565840011128294,AOI-0034
2024-09-06,0.13819042550352204,AOI-0034
2024-09-07,0.1458950907321129,AOI-0034
2024-09-13,0.14132402393031918,AOI-0034
2024-09-14,0.15366061388334193,AOI-0034
2024-10-05,0.12687095584663827,AOI-0034
2024-10-09,0.15938850783910813,AOI-0034
2024-10-15,0.3248196851018509,AOI-0034
2024-10-25,0.19484305379085914,AOI-0034
2024-10-30,0.14707025013345976,AOI-0034
2010-05-28,0.3674744852075731,AOI-0036
2010-06-10,0.3981022636367101,AOI-0036
2010-07-06,0.2720910097598152,AOI-0036
2010-07-07,0.2545949762365795,AOI-0036
2010-07-28,0.20224172874657512,AOI-0036
2010-07-30,0.19124176041878624,AOI-0036
2010-09-01,0.14845628231662827,AOI-0036
2010-09-14,0.20225945797943662,AOI-0036
2010-09-30,0.20935856422302684,AOI-0036
2011-07-01,0.3580617050374198,AOI-0036
2011-07-12,0.3143447608655079,AOI-0036
2012-04-22,0.5363597258335999,AOI-0036
2012-07-20,0.2931136919940839,AOI-0036
2012-07-27,0.28843566773600104,AOI-0036
2012-09-06,0.15874404700980504,AOI-0036
2012-09-13,0.1692173881810242,AOI-0036
2012-09-29,0.16037572184862728,AOI-0036
2012-10-15,0.1896837431267583,AOI-0036
2013-04-02,0.23827638784651423,AOI-0036
2013-06-10,0.30478014238001805,AOI-0036
2013-06-26,0.2732030837832795,AOI-0036
2013-06-28,0.27081164235028476,AOI-0036
2013-09-14,0.35169431863591677,AOI-0036
2013-10-10,0.35764733378487434,AOI-0036
2014-04-23,0.47133725953024197,AOI-0036
2014-05-25,0.38146942410693213,AOI-0036
2014-06-24,0.2365556448146553,AOI-0036
2014-08-02,0.1513446790640383,AOI-0036
2014-10-05,0.18225227025207286,AOI-0036
2014-10-14,0.1892530617831049,AOI-0036
2015-05-25,0.4343497691033733,AOI-0036
2015-07-28,0.1914747762116477,AOI-0036
2015-08-06,0.17459718270447222,AOI-0036
2015-09-06,0.14381337207517517,AOI-0036
2015-09-30,0.18937755895173664,AOI-0036
2016-06-09,0.3462195310086615,AOI-0036
2016-07-15,0.2865804698742844,AOI-0036
2016-07-27,0.33845785345365054,AOI-0036
2016-08-23,0.21701994066280605,AOI-0036
2016-09-25,0.18514672154617065,AOI-0036
2016-10-26,0.2222055548200663,AOI-0036
2017-04-12,0.367241693979882,AOI-0036
2017-07-04,0.17160366555187748,AOI-0036
2017-07-25,0.25628772592329424,AOI-0036
2017-07-28,0.19307786411531805,AOI-0036
2017-08-18,0.18294792009458924,AOI-0036
2017-08-21,0.1651333089342093,AOI-0036
2017-08-26,0.15555238636871663,AOI-0036
2017-08-27,0.17858779540713995,AOI-0036
2017-09-04,0.17046474184982943,AOI-0036
2018-06-03,0.36878862029990683,AOI-0036
2018-06-26,0.18202958340739528,AOI-0036
2018-07-12,0.17049382771214294,AOI-0036
2018-08-22,0.1433652626703813,AOI-0036
2018-08-29,0.1432213634802473,AOI-0036
2018-09-05,0.15417540687955272,AOI-0036
2018-09-06,0.14326636801911577,AOI-0036
2018-10-01,0.16063058583134274,AOI-0036
2018-10-09,0.15710145290117827,AOI-0036
2018-10-12,0.16939289476218877,AOI-0036
2019-05-21,0.49014101511765784,AOI-0036
2019-05-25,0.4749998755285855,AOI-0036
2019-05-29,0.42562657689608163,AOI-0036
2019-06-04,0.36726434469630237,AOI-0036
2019-06-17,0.24081640370754037,AOI-0036
2019-07-12,0.22532103966205252,AOI-0036
2019-07-28,0.18337947210561972,AOI-0036
2019-07-29,0.2232475077435625,AOI-0036
2019-08-01,0.18900292395897397,AOI-0036
2019-08-26,0.16459018903745054,AOI-0036
2019-08-29,0.20217362357539986,AOI-0036
2019-09-15,0.2174254713567373,AOI-0036
2019-10-15,0.3802170306014653,AOI-0036
2019-10-19,0.39992146684152996,AOI-0036
2019-10-22,0.3978175155634722,AOI-0036
2020-04-04,0.4549616290402697,AOI-0036
2020-04-06,0.5349616384781409,AOI-0036
2020-05-24,0.49736220389595853,AOI-0036
2020-05-29,0.4378810207937252,AOI-0036
2020-06-11,0.32702988732378946,AOI-0036
2020-08-10,0.13143999987715832,AOI-0036
2020-08-19,0.15747759504897604,AOI-0036
2020-08-26,0.15332587804087788,AOI-0036
2020-08-28,0.1518913378180462,AOI-0036
2020-09-20,0.14742494870073186,AOI-0036
2020-10-19,0.1416795900611207,AOI-0036
2020-10-26,0.10799946748813062,AOI-0036
2021-06-26,0.2772651071459074,AOI-0036
2021-07-21,0.17194572794737467,AOI-0036
2021-07-26,0.20648093576601148,AOI-0036
2021-08-06,0.230656313563207,AOI-0036
2021-08-17,0.26388710252272174,AOI-0036
2021-10-14,0.3563856835146578,AOI-0036
2022-04-07,0.45091221765961464,AOI-0036
2022-06-14,0.28322078547579793,AOI-0036
2022-06-26,0.20039680634290633,AOI-0036
2022-07-07,0.1719933417821377,AOI-0036
2022-07-21,0.11851350792033835,AOI-0036
2022-08-13,0.15045071320692557,AOI-0036
2022-08-22,0.13170996827226608,AOI-0036
2022-08-24,0.13392447746206948,AOI-0036
2022-09-14,0.16887395972067729,AOI-0036
2022-09-18,0.15200847904589646,AOI-0036
2023-04-17,0.41482960320046786,AOI-0036
2023-05-09,0.6324461887233339,AOI-0036
2023-06-18,0.4194775632171729,AOI-0036
2023-06-25,0.3368730808616046,AOI-0036
2023-07-02,0.29919508412354,AOI-0036
2023-08-17,0.2369586937426014,AOI-0036
2023-09-29,0.23603529962697561,AOI-0036
2023-10-16,0.2737492393677912,AOI-0036
2023-10-23,0.23074122092800187,AOI-0036
2024-04-13,0.3438301645465701,AOI-0036
2024-05-06,0.42657311211403925,AOI-0036
2024-05-10,0.40720243722530325,AOI-0036
2024-05-16,0.38363865907850825,AOI-0036
2024-05-18,0.36271623420386323,AOI-0036
2024-05-23,0.33807495320660746,AOI-0036
2024-06-07,0.2370985747512753,AOI-0036
2024-07-22,0.12076490108532394,AOI-0036
2024-07-25,0.1252070179118631,AOI-0036
2024-08-21,0.13434506047668454,AOI-0036
2024-08-28,0.1571769283671548,AOI-0036
2024-09-15,0.15197965069742,AOI-0036
2024-09-22,0.13764620175860434,AOI-0036
2024-09-25,0.13082545598866394,AOI-0036
2024-09-28,0.12983724166404478,AOI-0036
2010-04-07,0.40986235893046424,AOI-0039
2010-05-04,0.4847997192493102,AOI-0039
2010-05-28,0.5586085251335806,AOI-0039
2010-07-15,0.43068574293390016,AOI-0039
2010-09-30,0.4162655236898248,AOI-0039
2012-04-06,0.4235336893202434,AOI-0039
2012-09-06,0.3561220392167218,AOI-0039
2013-04-05,0.319683145535123,AOI-0039
2013-06-13,0.44849795299454165,AOI-0039
2013-06-26,0.41582705501604206,AOI-0039
2013-07-12,0.3584055215121771,AOI-0039
2013-09-14,0.5619253101757598,AOI-0039
2014-04-07,0.4936230218525735,AOI-0039
2014-06-08,0.45251794061991774,AOI-0039
2014-06-23,0.39783234331184936,AOI-0039
2014-08-02,0.3493895003246252,AOI-0039
2014-09-04,0.2985676852595319,AOI-0039
2015-04-24,0.39924350289503735,AOI-0039
2015-05-10,0.5294321996435245,AOI-0039
2015-06-10,0.44036317792203195,AOI-0039
2015-07-28,0.3857320047921837,AOI-0039
2015-08-14,0.37300497992696807,AOI-0039
2015-08-21,0.3717346339424751,AOI-0039
2015-09-22,0.40374457311583767,AOI-0039
2015-09-23,0.3949195181571001,AOI-0039
2016-04-25,0.6297581481565588,AOI-0039
2016-05-08,0.7146067998880109,AOI-0039
2016-07-06,0.38080636791470457,AOI-0039
2016-09-08,0.3077028157116829,AOI-0039
2016-10-03,0.3354689920698521,AOI-0039
2016-10-15,0.38641454322048385,AOI-0039
2016-10-18,0.3681457787322702,AOI-0039
2017-04-13,0.33776920688203915,AOI-0039
2017-05-09,0.6130283728706797,AOI-0039
2017-08-13,0.4202818988742753,AOI-0039
2017-08-19,0.42479524722718287,AOI-0039
2017-09-10,0.4683191680554751,AOI-0039
2017-09-11,0.47394371090686055,AOI-0039
2017-09-17,0.5156629387878077,AOI-0039
2017-09-22,0.5276215468035754,AOI-0039
2018-05-01,0.5487994200911104,AOI-0039
2018-08-14,0.40488804134616224,AOI-0039
2018-08-21,0.39109572354676037,AOI-0039
2018-08-29,0.40365467464112464,AOI-0039
2019-04-25,0.4953018507211614,AOI-0039
2019-06-02,0.6295046159964323,AOI-0039
2019-06-10,0.551878610598449,AOI-0039
2019-06-14,0.4450914820861198,AOI-0039
2019-07-04,0.3441094252757931,AOI-0039
2019-07-17,0.3623415877198176,AOI-0039
2019-08-01,0.43438360844577645,AOI-0039
2019-08-09,0.44810376800344726,AOI-0039
2019-08-11,0.44140328346032554,AOI-0039
2019-08-31,0.3877039136369814,AOI-0039
2019-09-12,0.3586767601029301,AOI-0039
2019-10-02,0.4278984629061015,AOI-0039
2019-10-11,0.4713656082022039,AOI-0039
2019-10-12,0.4343365544510104,AOI-0039
2019-10-16,0.5073090407538758,AOI-0039
2019-10-17,0.4945789638383696,AOI-0039
2019-10-25,0.45656016982880765,AOI-0039
2020-04-12,0.3948352497045482,AOI-0039
2020-04-21,0.4285807689907584,AOI-0039
2020-04-24,0.36629798701847077,AOI-0039
2020-05-14,0.5967979508766452,AOI-0039
2020-05-29,0.5925204757020601,AOI-0039
2020-06-28,0.41662486460836445,AOI-0039
2020-07-23,0.2963628473069308,AOI-0039
2020-07-25,0.30193911994731365,AOI-0039
2020-07-26,0.29728928238546654,AOI-0039
2020-08-03,0.267652736066858,AOI-0039
2020-08-07,0.2791397694050099,AOI-0039
2020-08-18,0.306331051788841,AOI-0039
2020-08-19,0.3185109856807039,AOI-0039
2020-08-27,0.34272543063699484,AOI-0039
2020-09-09,0.2961432519593698,AOI-0039
2020-10-11,0.22479331601193503,AOI-0039
2020-10-26,0.2115044579572945,AOI-0039
2021-04-23,0.526511516766117,AOI-0039
2021-05-12,0.5776377090997952,AOI-0039
2021-05-17,0.5855906454205475,AOI-0039
2021-05-22,0.5947542517757857,AOI-0039
2021-06-26,0.5939688048343442,AOI-0039
2021-07-26,0.46063624274090137,AOI-0039
2021-08-07,0.4390331469371285,AOI-0039
2021-08-25,0.4043500519794269,AOI-0039
2021-08-29,0.4287651094899239,AOI-0039
2021-09-06,0.49249888152751736,AOI-0039
2021-09-19,0.43904213747724957,AOI-0039
2021-10-09,0.43870038099922953,AOI-0039
2022-04-12,0.4370925104821987,AOI-0039
2022-05-28,0.6981871418025105,AOI-0039
2022-06-05,0.7441723042878536,AOI-0039
2022-06-16,0.6428329926261752,AOI-0039
2022-07-06,0.498452352116026,AOI-0039
2022-07-08,0.47020715806546837,AOI-0039
2022-08-13,0.4071532132613428,AOI-0039
2022-08-30,0.36095997194023033,AOI-0039
2022-10-01,0.4474004468988698,AOI-0039
2023-05-09,0.6948997582052934,AOI-0039
2023-06-13,0.6794068890607402,AOI-0039
2023-06-21,0.6649428640065064,AOI-0039
2023-06-23,0.6565969494022111,AOI-0039
2023-07-28,0.44673544293291934,AOI-0039
2023-07-31,0.4287780098840251,AOI-0039
2023-08-18,0.4005669126291466,AOI-0039
2023-09-30,0.44215896123492177,AOI-0039
2023-10-06,0.4262142468965778,AOI-0039
2023-10-11,0.39582735302780553,AOI-0039
2023-10-15,0.4595646243418321,AOI-0039
2023-10-29,0.4441836268616635,AOI-0039
2024-04-08,0.5130567145333529,AOI-0039
2024-05-23,0.6193806831468667,AOI-0039
2024-06-09,0.5381792167623316,AOI-0039
2024-06-19,0.5203217923856143,AOI-0039
2024-07-15,0.342747666228524,AOI-0039
2024-07-21,0.3381720375944788,AOI-0039
2024-08-21,0.31587498040692125,AOI-0039
2024-08-31,0.32888700391351966,AOI-0039
2024-09-13,0.32299841762835463,AOI-0039
2024-09-18,0.2909537771475826,AOI-0039
2024-10-30,0.3398927805263219,AOI-0039
2010-06-04,0.23129912110433745,AOI-0042
2010-06-05,0.22511495021904077,AOI-0042
2010-07-15,0.1447658535664173,AOI-0042
2010-08-15,0.13793610219430974,AOI-0042
2010-08-31,0.14470974908374076,AOI-0042
2010-10-16,0.18190858611330188,AOI-0042
2011-05-14,0.6142805136353671,AOI-0042
2011-05-30,0.6961473082076748,AOI-0042
2011-07-02,0.22943458744281625,AOI-0042
2011-07-28,0.19901928212648173,AOI-0042
2011-08-13,0.19825071732864546,AOI-0042
2011-08-29,0.2110370481554866,AOI-0042
2011-09-27,0.30499408124497174,AOI-0042
2011-10-16,0.3924582514933713,AOI-0042
2012-06-25,0.2514440954517228,AOI-0042
2012-07-20,0.24343410010766994,AOI-0042
2012-08-28,0.21465981768562512,AOI-0042
2013-04-26,0.22625076426204344,AOI-0042
2013-05-11,0.22873071613654147,AOI-0042
2013-06-13,0.35318670713726774,AOI-0042
2013-09-08,0.4099530506538732,AOI-0042
2014-04-05,0.3160851614742986,AOI-0042
2014-06-16,0.23935031598868844,AOI-0042
2014-10-16,0.15323825317250464,AOI-0042
2015-07-13,0.20316545025162064,AOI-0042
2015-08-29,0.14192753776739703,AOI-0042
2015-09-06,0.14965325837044938,AOI-0042
2015-09-23,0.13200075574630632,AOI-0042
2015-10-16,0.2195158239766959,AOI-0042
2016-06-21,0.25825696948590793,AOI-0042
2016-07-15,0.18726284302049082,AOI-0042
2016-08-16,0.19552529123607404,AOI-0042
2017-04-13,0.11399560770915275,AOI-0042
2017-04-28,0.16494556175682706,AOI-0042
2017-05-07,0.2361274278878507,AOI-0042
2017-05-23,0.23030108243074848,AOI-0042
2017-06-07,0.21931588193403542,AOI-0042
2017-06-08,0.22646657739600173,AOI-0042
2017-07-25,0.2005492602286762,AOI-0042
2017-07-26,0.19892980904018798,AOI-0042
2017-08-03,0.10422380241601742,AOI-0042
2017-08-06,0.17820203576656063,AOI-0042
2017-08-13,0.14982292784703016,AOI-0042
2017-08-19,0.16193179077550127,AOI-0042
2017-08-26,0.15185290615151056,AOI-0042
2017-10-05,0.21175094167377986,AOI-0042
2018-05-05,0.6095231817610994,AOI-0042
2018-05-25,0.5914854166332326,AOI-0042
2018-06-12,0.2920128593495899,AOI-0042
2018-08-21,0.15419085525377924,AOI-0042
2018-10-01,0.2664615096995861,AOI-0042
2019-04-10,0.1653696723444016,AOI-0042
2019-04-27,0.19477247330745612,AOI-0042
2019-06-21,0.14294351353646306,AOI-0042
2019-06-22,0.1272323387595124,AOI-0042
2019-08-03,0.15961326102080273,AOI-0042
2019-08-16,0.15462980982436056,AOI-0042
2019-08-26,0.1316761956618711,AOI-0042
2019-09-02,0.17849667269806693,AOI-0042
2019-09-10,0.12880863850543675,AOI-0042
2019-09-22,0.14808769158267956,AOI-0042
2019-10-19,0.4186520995073287,AOI-0042
2019-10-20,0.411606154979677,AOI-0042
2019-10-28,0.3527145207038048,AOI-0042
2020-04-06,0.8284177386966178,AOI-0042
2020-05-04,0.7375759043266619,AOI-0042
2020-07-03,0.1875461879306049,AOI-0042
2020-07-25,0.15334277830621118,AOI-0042
2020-08-27,0.13735735964764517,AOI-0042
2020-09-29,0.14312859092457708,AOI-0042
2021-04-07,0.16339801866308248,AOI-0042
2021-04-12,0.1097049600648252,AOI-0042
2021-05-17,0.14225513590317596,AOI-0042
2021-06-23,0.16271768444790857,AOI-0042
2021-07-01,0.1232398187395368,AOI-0042
2021-07-11,0.15730947772314335,AOI-0042
2021-07-13,0.151836642597703,AOI-0042
2021-07-21,0.08812337081311922,AOI-0042
2021-07-28,0.10468333448795716,AOI-0042
2021-07-31,0.08017877200255001,AOI-0042
2021-08-17,0.1633533532036516,AOI-0042
2021-09-14,0.1789178506982806,AOI-0042
2022-04-12,0.4841895403100196,AOI-0042
2022-04-27,0.7659133448083776,AOI-0042
2022-05-09,0.8582661147435819,AOI-0042
2022-05-14,0.8072355612726396,AOI-0042
2022-05-25,0.8212413599078087,AOI-0042
2022-06-05,0.712177802841651,AOI-0042
2022-06-21,0.32015387056576383,AOI-0042
2022-07-24,0.13797218145916604,AOI-0042
2022-08-10,0.1631869008184927,AOI-0042
2022-08-17,0.15550022770968228,AOI-0042
2022-09-14,0.19334416828062512,AOI-0042
2022-10-19,0.18029632208235002,AOI-0042
2023-04-23,0.26712423186542333,AOI-0042
2023-05-02,0.23952045128436605,AOI-0042
2023-05-19,0.23593210447556323,AOI-0042
2023-06-08,0.20707437028029602,AOI-0042
2023-06-10,0.2241827141044574,AOI-0042
2023-06-21,0.1700513584154267,AOI-0042
2023-06-23,0.17686204599027308,AOI-0042
2023-06-26,0.14958010248725018,AOI-0042
2023-07-03,0.18315722650207097,AOI-0042
2023-07-06,0.14459267826671474,AOI-0042
2023-07-28,0.13326904780663465,AOI-0042
2023-08-07,0.17380201722356564,AOI-0042
2023-08-08,0.1450328381909025,AOI-0042
2023-08-15,0.13958031956043224,AOI-0042
2023-08-20,0.12751578851946502,AOI-0042
2023-09-01,0.13066121825262159,AOI-0042
2023-10-01,0.19155543224873914,AOI-0042
2023-10-09,0.1687230768049089,AOI-0042
2023-10-30,0.41421838700170854,AOI-0042
2024-05-17,0.7614205071106659,AOI-0042
2024-05-23,0.7301979609437785,AOI-0042
2024-06-11,0.34257948534553373,AOI-0042
2024-06-18,0.2523828619322373,AOI-0042
2024-06-19,0.24108559991242492,AOI-0042
2024-07-02,0.18876079610648377,AOI-0042
2024-07-20,0.14913937862776588,AOI-0042
2024-07-29,0.16276703302879075,AOI-0042
2024-07-30,0.15690259214802696,AOI-0042
2024-08-12,0.15468187421668067,AOI-0042
2024-08-13,0.16360439760551562,AOI-0042
2024-08-16,0.1533391795259722,AOI-0042
2024-08-19,0.14420994547054597,AOI-0042
2024-08-21,0.13451679839076644,AOI-0042
2024-08-31,0.1845448991398594,AOI-0042
2024-09-15,0.19578870083680291,AOI-0042
2024-09-23,0.14408083168437358,AOI-0042
2024-09-25,0.15990029365524747,AOI-0042
2024-09-30,0.16277442324814842,AOI-0042
2024-10-01,0.15466773117592267,AOI-0042
2024-10-13,0.10914237452907258,AOI-0042
2024-10-30,0.28577030634672806,AOI-0042
2010-04-24,0.2562205185339059,AOI-0047
2010-05-09,0.34190779038444247,AOI-0047
2010-06-26,0.7930552234123929,AOI-0047
2010-07-21,0.6939253774010902,AOI-0047
2010-07-28,0.6540125718897453,AOI-0047
2011-05-25,0.6451368393236159,AOI-0047
2011-07-16,0.29898310192146155,AOI-0047
2011-08-13,0.21918796183495784,AOI-0047
2011-08-29,0.21164148853622702,AOI-0047
2012-07-02,0.5010026439758021,AOI-0047
2012-07-18,0.3758983706798036,AOI-0047
2012-09-29,0.22710444925042908,AOI-0047
2013-06-11,0.26191839854060245,AOI-0047
2013-07-21,0.29053561429609603,AOI-0047
2014-06-30,0.30693048241155674,AOI-0047
2014-07-12,0.27346786368886317,AOI-0047
2014-07-16,0.23684390574060757,AOI-0047
2015-06-01,0.7507418112484447,AOI-0047
2015-07-11,0.3819735353665496,AOI-0047
2015-09-14,0.2916049096109745,AOI-0047
2016-06-25,0.8027240857354944,AOI-0047
2016-08-28,0.41160044842026905,AOI-0047
2016-09-13,0.371336793455436,AOI-0047
2016-10-09,0.30704539578937196,AOI-0047
2017-04-03,0.18763238269950833,AOI-0047
2017-04-07,0.2912311417567406,AOI-0047
2017-04-28,0.3993971500407368,AOI-0047
2017-07-28,0.21166037794153986,AOI-0047
2018-05-09,0.3248317976374094,AOI-0047
2018-06-09,0.2239422469009346,AOI-0047
2018-06-10,0.242150977788527,AOI-0047
2018-06-15,0.20621788648728068,AOI-0047
2018-07-02,0.20846007500099795,AOI-0047
2018-07-28,0.2972877642703314,AOI-0047
2018-09-29,0.20057126773122774,AOI-0047
2018-10-07,0.21546966448339536,AOI-0047
2019-05-27,0.868429194771157,AOI-0047
2019-05-28,0.8849335925005247,AOI-0047
2019-06-15,0.6158319227610984,AOI-0047
2019-06-30,0.2979655866519456,AOI-0047
2019-08-19,0.3465390390547151,AOI-0047
2019-08-29,0.312644603760622,AOI-0047
2019-08-31,0.23990650124812915,AOI-0047
2019-09-14,0.31281168810096316,AOI-0047
2019-09-30,0.3443697078465263,AOI-0047
2019-10-13,0.38961103298636973,AOI-0047
2019-10-16,0.42402147920054944,AOI-0047
2020-04-06,0.28090583855429546,AOI-0047
2020-04-30,0.21238441096658137,AOI-0047
2020-06-04,0.3110903349143555,AOI-0047
2020-06-16,0.1964078981527746,AOI-0047
2020-07-16,0.14662818690924595,AOI-0047
2020-08-03,0.13510906210106416,AOI-0047
2020-08-08,0.19289116194363096,AOI-0047
2020-10-05,0.13941789978818284,AOI-0047
2020-10-20,0.16891440992253764,AOI-0047
2020-10-22,0.21370398416370623,AOI-0047
2021-05-16,0.8497196922709152,AOI-0047
2021-05-17,0.8321779115235964,AOI-0047
2021-05-20,0.8417935705643962,AOI-0047
2021-06-09,0.8455105030235648,AOI-0047
2021-07-11,0.32504951735638893,AOI-0047
2021-07-19,0.23883303720813712,AOI-0047
2021-08-30,0.29685515283630937,AOI-0047
2021-09-02,0.27018968174650715,AOI-0047
2021-09-07,0.40740268477153563,AOI-0047
2021-10-16,0.7313162644696937,AOI-0047
2022-04-05,0.16434583148188145,AOI-0047
2022-04-10,0.27586388190476,AOI-0047
2022-05-30,0.2294723539412492,AOI-0047
2022-06-04,0.22467585399459228,AOI-0047
2022-06-08,0.23735939198165334,AOI-0047
2022-06-11,0.21023614459943474,AOI-0047
2022-06-19,0.23062726812231604,AOI-0047
2022-06-21,0.20309228845456564,AOI-0047
2022-07-14,0.1754409648218928,AOI-0047
2022-07-30,0.16743452155069502,AOI-0047
2022-08-07,0.15941985198799402,AOI-0047
2022-08-08,0.1486102563060347,AOI-0047
2022-08-10,0.1853985655892859,AOI-0047
2022-08-13,0.1647083884908434,AOI-0047
2022-08-30,0.12128195188784456,AOI-0047
2022-09-01,0.1736135833800423,AOI-0047
2022-10-18,0.30859532530451544,AOI-0047
2023-06-16,0.7416422630871405,AOI-0047
2023-07-17,0.23275341928461143,AOI-0047
2023-07-25,0.2114085612172816,AOI-0047
2023-07-26,0.22910125583446636,AOI-0047
2023-08-05,0.19489878945111624,AOI-0047
2023-08-15,0.1903557041922526,AOI-0047
2023-09-17,0.18554813753547725,AOI-0047
2023-09-22,0.18439432450548804,AOI-0047
2023-09-27,0.18463613473825335,AOI-0047
2023-10-04,0.18350200952138462,AOI-0047
2023-10-22,0.22140351604161784,AOI-0047
2024-04-29,0.23033944314095592,AOI-0047
2024-05-04,0.24421202001737263,AOI-0047
2024-05-24,0.2211301383818873,AOI-0047
2024-06-10,0.20889325737567555,AOI-0047
2024-06-25,0.24764587522067605,AOI-0047
2024-07-30,0.23063784692863676,AOI-0047
2024-09-11,0.19608744517844218,AOI-0047
2024-10-08,0.1366150594404028,AOI-0047
2024-10-13,0.13224318882736208,AOI-0047
2024-10-15,0.18454642018255774,AOI-0047
2010-08-04,0.49020661374836416,AOI-0049
2010-08-28,0.2552412205204796,AOI-0049
2010-09-05,0.23536992519656175,AOI-0049
2010-09-30,0.2987096102876774,AOI-0049
2011-04-26,0.5972951979847919,AOI-0049
2011-05-25,0.8086692845011285,AOI-0049
2011-05-27,0.8339292056757333,AOI-0049
2011-06-12,0.6453327955332578,AOI-0049
2011-07-12,0.30685600568748717,AOI-0049
2011-09-08,0.14580493999031552,AOI-0049
2011-09-24,0.2738511687764862,AOI-0049
2011-10-11,0.30733254599285237,AOI-0049
2011-10-27,0.2488271048699251,AOI-0049
2012-05-06,0.26832367534708845,AOI-0049
2012-05-08,0.37617840931269864,AOI-0049
2012-09-18,0.3192388165886184,AOI-0049
2012-10-15,0.32543082006437685,AOI-0049
2013-05-25,0.37544262963718944,AOI-0049
2013-06-17,0.535152025142537,AOI-0049
2013-07-11,0.7485834841670577,AOI-0049
2013-08-05,0.5702557966872022,AOI-0049
2013-08-20,0.412427390550553,AOI-0049
2013-09-30,0.29446944385563145,AOI-0049
2013-10-24,0.30703460659709153,AOI-0049
2014-04-18,0.7542531085998481,AOI-0049
2014-05-09,0.8217298269722961,AOI-0049
2014-07-12,0.26036185107230575,AOI-0049
2014-09-16,0.3610530713436374,AOI-0049
2015-04-13,0.22308198415352049,AOI-0049
2015-05-22,0.3680284036760111,AOI-0049
2015-07-12,0.7968251956560923,AOI-0049
2015-07-25,0.7381351949662119,AOI-0049
2015-07-28,0.7006009986879169,AOI-0049
2015-09-30,0.1944927533949219,AOI-0049
2015-10-30,0.1859468583315056,AOI-0049
2016-04-22,0.8565774416006396,AOI-0049
2016-08-28,0.2316682784953665,AOI-0049
2016-09-14,0.2736815654661183,AOI-0049
2016-09-29,0.3991101935896174,AOI-0049
2017-06-21,0.8031538741848415,AOI-0049
2017-07-14,0.8043071767045249,AOI-0049
2017-08-13,0.42707847836714424,AOI-0049
2017-09-13,0.27343998090031746,AOI-0049
2017-09-17,0.31856425764068325,AOI-0049
2018-05-09,0.8604547920313749,AOI-0049
2018-06-16,0.3046949203542011,AOI-0049
2018-06-24,0.23455898703212347,AOI-0049
2018-07-10,0.1841990163470344,AOI-0049
2018-08-02,0.22891126275946078,AOI-0049
2018-08-10,0.21558550163834542,AOI-0049
2018-08-27,0.16385868359103534,AOI-0049
2018-09-18,0.1671964067966166,AOI-0049
2018-10-06,0.20421872183076034,AOI-0049
2019-04-21,0.31091011744507485,AOI-0049
2019-07-12,0.6738836198238414,AOI-0049
2019-09-03,0.2504317047923241,AOI-0049
2019-09-23,0.22598338030998832,AOI-0049
2020-04-02,0.41190853442057523,AOI-0049
2020-04-18,0.6726906752848772,AOI-0049
2020-04-25,0.7469565544245712,AOI-0049
2020-04-26,0.7494337161647828,AOI-0049
2020-05-11,0.7844082857729955,AOI-0049
2020-05-28,0.8458228477293966,AOI-0049
2020-06-05,0.7610409664150932,AOI-0049
2020-07-15,0.20316059164047523,AOI-0049
2020-07-31,0.13272267197106036,AOI-0049
2020-08-13,0.1601553515909816,AOI-0049
2020-08-15,0.18257719982781628,AOI-0049
2020-08-31,0.1949065113886842,AOI-0049
2020-09-02,0.16598126642725172,AOI-0049
2020-09-13,0.21027742902292815,AOI-0049
2020-09-27,0.11979826831356838,AOI-0049
2020-10-07,0.1270751214583751,AOI-0049
2021-04-23,0.32528044056472327,AOI-0049
2021-06-09,0.7303743360295577,AOI-0049
2021-07-18,0.7678303460151845,AOI-0049
2021-07-19,0.7905700696334272,AOI-0049
2021-07-24,0.7770924333399302,AOI-0049
2021-08-08,0.6465427498910755,AOI-0049
2021-09-27,0.2027210417215806,AOI-0049
2021-09-28,0.29987591268644076,AOI-0049
2022-06-24,0.4731730765295292,AOI-0049
2022-07-13,0.24261991382588316,AOI-0049
2022-08-28,0.14141421768147477,AOI-0049
2022-08-30,0.1594781959257674,AOI-0049
2022-09-06,0.1957772787189996,AOI-0049
2022-09-14,0.16579276945381843,AOI-0049
2022-10-08,0.2364084927903285,AOI-0049
2023-06-22,0.4690070886755584,AOI-0049
2023-06-23,0.46790663261933485,AOI-0049
2023-07-15,0.2585382789699387,AOI-0049
2023-07-23,0.29029094455531934,AOI-0049
2023-08-08,0.3138262216528434,AOI-0049
2023-08-24,0.36388223222348975,AOI-0049
2023-09-12,0.24320350483583436,AOI-0049
2023-09-14,0.2564617679821502,AOI-0049
2023-09-22,0.21798271666277935,AOI-0049
2023-10-02,0.2050975826462314,AOI-0049
2024-06-23,0.6255172116225147,AOI-0049
2024-08-17,0.3371236943703481,AOI-0049
2024-08-28,0.2523588753488657,AOI-0049
2024-09-16,0.15580760796777465,AOI-0049
2024-09-29,0.1971031260456276,AOI-0049
2024-10-01,0.1694139200052175,AOI-0049
2010-07-19,0.7482390805080819,AOI-0054
2010-09-06,0.6219251896721012,AOI-0054
2010-09-30,0.623250324748074,AOI-0054
2011-04-07,0.5049395113288053,AOI-0054
2011-05-09,0.6560967727319358,AOI-0054
2011-05-25,0.7777548693555686,AOI-0054
2011-05-27,0.8031992825560198,AOI-0054
2011-06-10,0.8135592663684557,AOI-0054
2011-06-20,0.803679908413844,AOI-0054
2011-08-23,0.7217277169860686,AOI-0054
2011-10-16,0.7176601127459505,AOI-0054
2012-07-09,0.7356662750524784,AOI-0054
2012-07-16,0.7093761305573184,AOI-0054
2012-08-26,0.6789759066492695,AOI-0054
2012-09-29,0.6601487139651678,AOI-0054
2012-10-20,0.5847512488296925,AOI-0054
2013-08-21,0.69796070830312,AOI-0054
2014-04-07,0.6036519390389127,AOI-0054
2014-05-09,0.8461340779221896,AOI-0054
2014-06-28,0.8057842613546067,AOI-0054
2014-07-28,0.7850724443997987,AOI-0054
2014-08-07,0.7252368786135706,AOI-0054
2014-08-08,0.7262011769240739,AOI-0054
2014-08-13,0.6783721277185379,AOI-0054
2014-08-15,0.6855543459609971,AOI-0054
2014-10-11,0.6222963994814357,AOI-0054
2015-07-25,0.7707439099265259,AOI-0054
2015-08-26,0.7076425972812611,AOI-0054
2015-08-27,0.7030394083262187,AOI-0054
2015-08-29,0.6925284408117067,AOI-0054
2015-09-20,0.6395207974737357,AOI-0054
2015-10-06,0.5796975800889034,AOI-0054
2016-04-30,0.7605767186617983,AOI-0054
2016-07-03,0.8191140668209477,AOI-0054
2016-08-29,0.7727533711939911,AOI-0054
2016-09-29,0.7667992763505537,AOI-0054
2017-05-03,0.7440190363523083,AOI-0054
2017-05-11,0.8139126784910262,AOI-0054
2017-05-19,0.8325512950347019,AOI-0054
2017-05-27,0.89407191073036,AOI-0054
2017-06-10,0.8736067964030932,AOI-0054
2017-07-06,0.8510148246682027,AOI-0054
2017-09-01,0.5212214454539785,AOI-0054
2017-09-18,0.6111073000282377,AOI-0054
2017-09-24,0.6296090715671774,AOI-0054
2017-10-11,0.6157080710064081,AOI-0054
2018-04-04,0.3706166271455604,AOI-0054
2018-04-21,0.6890283156009765,AOI-0054
2018-04-28,0.746142839753336,AOI-0054
2018-04-29,0.7464307447009585,AOI-0054
2018-05-01,0.7635008909196381,AOI-0054
2018-05-11,0.8249882257876475,AOI-0054
2018-06-15,0.7807784744532813,AOI-0054
2018-06-16,0.7895684579614309,AOI-0054
2018-07-09,0.6998472360220325,AOI-0054
2018-09-12,0.7019505719568053,AOI-0054
2018-10-13,0.6838881049347353,AOI-0054
2018-10-29,0.4053815777840682,AOI-0054
2019-04-07,0.5384614263348111,AOI-0054
2019-05-25,0.8407186745928329,AOI-0054
2019-05-31,0.8436455981029399,AOI-0054
2019-06-15,0.8528397207027277,AOI-0054
2019-06-18,0.8526462524914835,AOI-0054
2019-06-27,0.855227023359891,AOI-0054
2019-07-04,0.8430500809010268,AOI-0054
2019-07-05,0.8370100689624792,AOI-0054
2019-07-12,0.8350531467426174,AOI-0054
2019-07-28,0.8190025818979402,AOI-0054
2019-07-29,0.8356858559780791,AOI-0054
2019-08-14,0.8293534936115827,AOI-0054
2019-08-29,0.7356613627214387,AOI-0054
2019-08-30,0.7229606695177334,AOI-0054
2019-09-15,0.552363423911118,AOI-0054
2019-10-09,0.6565747008502791,AOI-0054
2020-04-02,0.4018344499558052,AOI-0054
2020-04-09,0.5192259191744117,AOI-0054
2020-04-10,0.521187594505642,AOI-0054
2020-04-22,0.7338714936699575,AOI-0054
2020-04-30,0.6777932055188629,AOI-0054
2020-05-11,0.7980112040580369,AOI-0054
2020-05-30,0.8411899580789676,AOI-0054
2020-06-28,0.7964190496599007,AOI-0054
2020-08-03,0.7756099146647933,AOI-0054
2020-09-07,0.7753416369471107,AOI-0054
2020-09-09,0.7724327575451649,AOI-0054
2020-10-17,0.43935485910042427,AOI-0054
2020-10-27,0.35770565975255475,AOI-0054
2021-04-29,0.6812619699497303,AOI-0054
2021-05-09,0.7800633764345276,AOI-0054
2021-05-20,0.7114774146015403,AOI-0054
2021-06-16,0.8522590982555145,AOI-0054
2021-07-02,0.8673690060829291,AOI-0054
2021-07-18,0.8091866983803344,AOI-0054
2021-07-24,0.8132985238191349,AOI-0054
2021-09-07,0.7757995502302919,AOI-0054
2021-10-16,0.6442073730689517,AOI-0054
2021-10-22,0.6030951985150147,AOI-0054
2021-10-30,0.5496005924445675,AOI-0054
2022-06-03,0.9052892572594455,AOI-0054
2022-06-10,0.9144489730723238,AOI-0054
2022-06-26,0.8283953373351678,AOI-0054
2022-07-12,0.7983012990114651,AOI-0054
2022-07-29,0.7610514443055563,AOI-0054
2022-08-06,0.7935037574523529,AOI-0054
2022-08-18,0.7287527163314146,AOI-0054
2022-08-29,0.7001450383956016,AOI-0054
2023-04-07,0.5996500743670127,AOI-0054
2023-04-23,0.7880511216246808,AOI-0054
2023-05-28,0.7635789133589408,AOI-0054
2023-06-10,0.8227606325683784,AOI-0054
2023-06-22,0.8390444052439223,AOI-0054
2023-07-07,0.7915809913386521,AOI-0054
2023-09-07,0.7225204081706793,AOI-0054
2023-10-11,0.7124274612974387,AOI-0054
2024-04-04,0.5869273069891949,AOI-0054
2024-05-07,0.7923374991663976,AOI-0054
2024-05-08,0.8035825195192207,AOI-0054
2024-05-22,0.8212393986892434,AOI-0054
2024-05-23,0.8190493421879357,AOI-0054
2024-06-24,0.8290563905282745,AOI-0054
2024-07-13,0.8017915067138022,AOI-0054
2024-07-18,0.7940884455932613,AOI-0054
2024-08-18,0.809196610476445,AOI-0054
2024-09-16,0.7180000422454049,AOI-0054
2024-09-21,0.7305813231840403,AOI-0054
2024-09-29,0.7228416884361112,AOI-0054
2024-10-05,0.6761405481847567,AOI-0054
2024-10-30,0.3280744865354048,AOI-0054
2010-04-15,0.19939951899835917,AOI-0057
2010-04-30,0.30421618180089094,AOI-0057
2010-05-01,0.31849011993468246,AOI-0057
2010-05-08,0.39602711434647,AOI-0057
2010-06-10,0.6346853838565063,AOI-0057
2010-07-27,0.5796603596314066,AOI-0057
2010-08-05,0.5316471493913285,AOI-0057
2010-09-14,0.3252848328292629,AOI-0057
2011-05-25,0.8495563100714485,AOI-0057
2011-06-10,0.8034855821010812,AOI-0057
2011-06-13,0.7577629837026634,AOI-0057
2011-07-07,0.33803275237879293,AOI-0057
2011-08-08,0.41937107322146194,AOI-0057
2011-09-16,0.2904418174852946,AOI-0057
2011-10-11,0.33049381038318754,AOI-0057
2012-07-16,0.8050708973773265,AOI-0057
2012-09-18,0.29323100808898633,AOI-0057
2013-04-07,0.5479827651838969,AOI-0057
2013-09-14,0.27497556459290795,AOI-0057
2013-09-22,0.2912927323230362,AOI-0057
2014-04-17,0.465801966276196,AOI-0057
2014-04-18,0.47390624656237496,AOI-0057
2014-04-25,0.6078491572652513,AOI-0057
2014-05-09,0.7537158362885257,AOI-0057
2014-06-05,0.695952251751733,AOI-0057
2014-07-15,0.3472047078301363,AOI-0057
2014-07-23,0.34353435949067157,AOI-0057
2014-08-16,0.2365050386267583,AOI-0057
2014-08-23,0.2506744388919196,AOI-0057
2014-10-02,0.2640525987935205,AOI-0057
2014-10-11,0.24167030448175034,AOI-0057
2014-10-16,0.2660046818144663,AOI-0057
2015-05-25,0.89000257473452,AOI-0057
2015-10-30,0.4137660592803768,AOI-0057
2016-05-08,0.9036940968567393,AOI-0057
2016-06-26,0.4500984427547318,AOI-0057
2016-07-28,0.3462252113061142,AOI-0057
2016-08-12,0.4106286874701022,AOI-0057
2017-05-04,0.3788716379566151,AOI-0057
2017-05-06,0.4083868236463638,AOI-0057
2017-06-10,0.790129568835874,AOI-0057
2017-07-30,0.838024088451279,AOI-0057
2017-08-08,0.7576727813295863,AOI-0057
2017-09-01,0.44488153084557797,AOI-0057
2017-09-14,0.41126071675528797,AOI-0057
2017-09-17,0.39586036399222047,AOI-0057
2017-09-25,0.310191768711829,AOI-0057
2018-04-11,0.6621136507779377,AOI-0057
2018-05-06,0.8381507225351708,AOI-0057
2018-07-18,0.2576973009653828,AOI-0057
2018-08-02,0.29377661748597017,AOI-0057
2018-08-19,0.24150573489136973,AOI-0057
2018-08-26,0.23396533616852394,AOI-0057
2018-10-29,0.16356436533775956,AOI-0057
2019-04-11,0.19102394262074446,AOI-0057
2019-04-21,0.33362967292610035,AOI-0057
2019-05-01,0.31327928139587796,AOI-0057
2019-05-02,0.3968100631672128,AOI-0057
2019-05-06,0.43054231040255536,AOI-0057
2019-07-05,0.691858496420668,AOI-0057
2019-07-20,0.5644902881558354,AOI-0057
2019-08-05,0.4040195050231156,AOI-0057
2019-08-21,0.2659943583648853,AOI-0057
2019-08-24,0.19137744972199627,AOI-0057
2019-09-23,0.19918837822456428,AOI-0057
2019-10-13,0.21224530868823696,AOI-0057
2019-10-25,0.17463529845004588,AOI-0057
2020-04-17,0.24776662885253645,AOI-0057
2020-08-15,0.19318697047181532,AOI-0057
2020-08-23,0.12281109956903567,AOI-0057
2020-09-09,0.13821960228117375,AOI-0057
2020-09-13,0.18802426581214043,AOI-0057
2020-09-25,0.12956663275088656,AOI-0057
2020-09-27,0.12732265472179793,AOI-0057
2020-09-29,0.15387503250006695,AOI-0057
2020-10-03,0.1653344373692788,AOI-0057
2021-04-15,0.562480341847079,AOI-0057
2021-06-19,0.7768271958312138,AOI-0057
2021-08-13,0.3121615396311546,AOI-0057
2021-09-04,0.43382289831202325,AOI-0057
2022-05-27,0.5517166611559856,AOI-0057
2022-06-26,0.2269474246616085,AOI-0057
2022-06-29,0.20276983660339956,AOI-0057
2022-07-09,0.20670612048335113,AOI-0057
2022-07-12,0.2198125048633349,AOI-0057
2022-07-28,0.2286137619111218,AOI-0057
2022-08-03,0.15243676308834225,AOI-0057
2022-08-13,0.1982115046455941,AOI-0057
2022-08-18,0.10039961412048803,AOI-0057
2022-09-14,0.16512510668065344,AOI-0057
2022-10-17,0.3045470359789245,AOI-0057
2023-04-26,0.8508207068566259,AOI-0057
2023-05-04,0.8634982706895024,AOI-0057
2023-06-26,0.4156485984229666,AOI-0057
2023-07-12,0.3974941759710308,AOI-0057
2023-07-15,0.36554241765644385,AOI-0057
2023-08-23,0.378681636818245,AOI-0057
2023-09-10,0.3123980343932018,AOI-0057
2024-05-04,0.5541713119608261,AOI-0057
2024-05-06,0.523586414472462,AOI-0057
2024-05-07,0.5371298288299666,AOI-0057
2024-05-22,0.63280822090731,AOI-0057
2024-06-08,0.7898877527934589,AOI-0057
2024-06-16,0.7355098782927576,AOI-0057
2024-06-24,0.7001160234526098,AOI-0057
2024-07-18,0.4331993332921176,AOI-0057
2024-07-28,0.4183161773865602,AOI-0057
2024-09-13,0.2300485283037515,AOI-0057
2010-07-13,0.6249624284388493,AOI-0066
2011-05-25,0.8449689395907974,AOI-0066
2012-04-13,0.5766670545088703,AOI-0066
2012-07-11,0.3249699230832329,AOI-0066
2012-07-27,0.25467418819086196,AOI-0066
2012-09-20,0.3260250518641169,AOI-0066
2012-10-06,0.4886667538216555,AOI-0066
2012-10-22,0.45871877281247064,AOI-0066
2013-05-09,0.40472896077648995,AOI-0066
2013-05-25,0.4675861377909632,AOI-0066
2013-06-19,0.5815503230608248,AOI-0066
2013-09-23,0.2827639065636424,AOI-0066
2013-10-09,0.3431185789158847,AOI-0066
2014-04-03,0.543345391720612,AOI-0066
2014-10-04,0.4372765332419378,AOI-0066
2015-04-06,0.8039143457654276,AOI-0066
2015-06-01,0.7708179727956014,AOI-0066
2015-07-27,0.32080977048577597,AOI-0066
2015-07-28,0.3036987267079318,AOI-0066
2015-09-29,0.2883516833846096,AOI-0066
2016-05-08,0.8655259156923356,AOI-0066
2016-06-03,0.6544788164555547,AOI-0066
2016-06-19,0.4422202054859159,AOI-0066
2016-06-27,0.2885492048211724,AOI-0066
2016-07-11,0.3083222023724915,AOI-0066
2016-08-12,0.34648239271012743,AOI-0066
2016-08-22,0.3085401324567328,AOI-0066
2017-05-09,0.8807135662994278,AOI-0066
2017-06-10,0.8531249802408428,AOI-0066
2017-08-13,0.20168507617413442,AOI-0066
2017-08-21,0.17553172757149513,AOI-0066
2018-05-09,0.45145858911857595,AOI-0066
2018-06-01,0.7700973238932053,AOI-0066
2018-07-02,0.7721066382166047,AOI-0066
2018-09-05,0.22400520622892606,AOI-0066
2018-10-08,0.21622630125067074,AOI-0066
2018-10-13,0.18669598790020964,AOI-0066
2019-04-07,0.729031140780288,AOI-0066
2019-04-28,0.7960559784094243,AOI-0066
2019-05-11,0.7796824225701835,AOI-0066
2019-06-20,0.3803692332386206,AOI-0066
2019-07-02,0.23602370532528322,AOI-0066
2019-07-14,0.2015715338465228,AOI-0066
2019-08-11,0.23890067550876198,AOI-0066
2019-08-29,0.18099585992390307,AOI-0066
2019-10-15,0.5697794214458598,AOI-0066
2019-10-18,0.6089646241689994,AOI-0066
2020-05-08,0.7680635318690509,AOI-0066
2020-05-24,0.6626560319706368,AOI-0066
2020-05-30,0.5955964737489748,AOI-0066
2020-06-11,0.49801402543327317,AOI-0066
2020-07-11,0.2145467979786853,AOI-0066
2020-07-27,0.20864276452130964,AOI-0066
2020-08-09,0.2087883558129357,AOI-0066
2020-08-15,0.19687808602577891,AOI-0066
2020-09-07,0.14717111325940513,AOI-0066
2021-05-12,0.28113041206380834,AOI-0066
2021-08-05,0.6090663417054181,AOI-0066
2021-08-20,0.36973975754451255,AOI-0066
2021-08-23,0.34431331705431467,AOI-0066
2021-09-27,0.19460684202351933,AOI-0066
2021-10-16,0.2587076786645983,AOI-0066
2021-10-27,0.2628827254214413,AOI-0066
2022-04-23,0.7807508257025254,AOI-0066
2022-04-25,0.7433458798283838,AOI-0066
2022-05-30,0.871789323720268,AOI-0066
2022-06-04,0.8566008204601316,AOI-0066
2022-07-12,0.207374900127537,AOI-0066
2022-07-21,0.17979080018217627,AOI-0066
2022-07-22,0.2378106111853507,AOI-0066
2022-08-23,0.17461550121027442,AOI-0066
2022-09-08,0.19216754326141525,AOI-0066
2022-09-09,0.16122123326758317,AOI-0066
2022-09-18,0.17439399019720336,AOI-0066
2022-09-27,0.21039315252346455,AOI-0066
2022-09-29,0.20061214883110406,AOI-0066
2022-10-02,0.188156926365994,AOI-0066
2022-10-07,0.19039965233224326,AOI-0066
2022-10-18,0.17630872048716845,AOI-0066
2022-10-22,0.1557852253859052,AOI-0066
2023-04-04,0.29498736829988725,AOI-0066
2023-04-07,0.3667469288319398,AOI-0066
2023-05-15,0.7549734538332833,AOI-0066
2023-06-07,0.788560665098563,AOI-0066
2023-06-10,0.7729422160521516,AOI-0066
2023-06-11,0.7658752790573681,AOI-0066
2023-06-26,0.4176311450879281,AOI-0066
2023-07-04,0.2831122945445632,AOI-0066
2023-07-26,0.30684291896596566,AOI-0066
2023-08-08,0.2662610510101187,AOI-0066
2023-08-10,0.2527960214628826,AOI-0066
2023-08-13,0.24371734934433711,AOI-0066
2023-08-23,0.18033139817099295,AOI-0066
2023-09-07,0.16719227761940833,AOI-0066
2023-09-30,0.2204095242387949,AOI-0066
2023-10-13,0.21051257444675758,AOI-0066
2023-10-16,0.23594590831413323,AOI-0066
2024-04-06,0.8302944850856443,AOI-0066
2024-05-21,0.8885886443457373,AOI-0066
2024-06-17,0.43043264287559246,AOI-0066
2024-06-23,0.29289079376887256,AOI-0066
2024-06-28,0.23509931737769388,AOI-0066
2024-07-05,0.20481884141732948,AOI-0066
2024-07-19,0.1871322515868781,AOI-0066
2024-08-09,0.16354486984580943,AOI-0066
2024-09-26,0.15426224384810944,AOI-0066
2010-04-07,0.27295202172635447,AOI-0072
2010-08-13,0.2290614133047276,AOI-0072
2010-08-15,0.20877066338583614,AOI-0072
2010-08-23,0.20718387883183928,AOI-0072
2010-08-30,0.25250290459927555,AOI-0072
2011-04-07,0.2620782277464779,AOI-0072
2011-05-05,0.2672474182703103,AOI-0072
2011-07-12,0.20302939174023163,AOI-0072
2011-07-24,0.1605633296093737,AOI-0072
2011-08-01,0.1666969141588455,AOI-0072
2011-09-03,0.21189459355900947,AOI-0072
2012-04-06,0.5714009522885597,AOI-0072
2012-10-15,0.1581508919560876,AOI-0072
2013-04-16,0.1635598193306747,AOI-0072
2013-05-02,0.1960451587983256,AOI-0072
2013-05-19,0.26020715137713485,AOI-0072
2013-07-29,0.24129831552599218,AOI-0072
2013-10-16,0.29722800570133245,AOI-0072
2014-04-23,0.6657795793313078,AOI-0072
2014-06-30,0.26553382430440525,AOI-0072
2014-07-17,0.2584581118394111,AOI-0072
2014-07-24,0.23640487859289694,AOI-0072
2014-08-17,0.25116221023827134,AOI-0072
2014-08-29,0.25754039868796436,AOI-0072
2014-09-03,0.258501797323212,AOI-0072
2014-09-26,0.25068430952795195,AOI-0072
2014-10-28,0.15008860081439032,AOI-0072
2014-10-29,0.1875020107472452,AOI-0072
2015-04-07,0.22860677891286738,AOI-0072
2015-04-23,0.26126636597984304,AOI-0072
2015-08-04,0.18537031593103853,AOI-0072
2016-04-06,0.761791349444551,AOI-0072
2016-04-09,0.7469468860644494,AOI-0072
2016-04-17,0.8000701946254827,AOI-0072
2016-05-26,0.7461663244412963,AOI-0072
2016-06-27,0.3017997091680735,AOI-0072
2016-07-13,0.2525855068148762,AOI-0072
2016-08-22,0.3186363449543915,AOI-0072
2016-09-29,0.28290828267295776,AOI-0072
2017-04-03,0.14767590971220312,AOI-0072
2017-04-23,0.28037287124499244,AOI-0072
2017-05-29,0.2599822926916285,AOI-0072
2017-05-30,0.22960383901650375,AOI-0072
2017-07-12,0.18877587238292626,AOI-0072
2017-07-24,0.17298151050271093,AOI-0072
2017-07-25,0.20137216742452585,AOI-0072
2017-08-06,0.19131816886455333,AOI-0072
2017-08-29,0.1583759682287851,AOI-0072
2017-09-03,0.19482388569331516,AOI-0072
2017-09-20,0.2936534972310509,AOI-0072
2017-09-26,0.3292758304678048,AOI-0072
2017-10-12,0.4669925599355524,AOI-0072
2018-04-07,0.5851858622287585,AOI-0072
2018-04-15,0.5757178109276112,AOI-0072
2018-05-01,0.7150764962268618,AOI-0072
2018-05-03,0.7216124935500461,AOI-0072
2018-06-07,0.4073113248114549,AOI-0072
2018-08-05,0.2052104383314574,AOI-0072
2018-08-28,0.18081895261628197,AOI-0072
2018-09-06,0.19871206400449068,AOI-0072
2018-09-22,0.17931526213832738,AOI-0072
2019-04-25,0.1721440933660127,AOI-0072
2019-04-26,0.16740905527905225,AOI-0072
2019-05-04,0.2103051657676566,AOI-0072
2019-05-28,0.22888287472510793,AOI-0072
2019-06-12,0.1844730481933372,AOI-0072
2019-07-14,0.16353380610696985,AOI-0072
2019-07-17,0.0988199644341228,AOI-0072
2019-08-06,0.1069608433548902,AOI-0072
2019-08-16,0.18234382365379045,AOI-0072
2019-09-09,0.1827141560432549,AOI-0072
2019-09-14,0.19194178267296286,AOI-0072
2019-09-17,0.1743538704787066,AOI-0072
2019-09-30,0.3212893500371077,AOI-0072
2019-10-15,0.6486939741364444,AOI-0072
2019-10-20,0.6959310932450908,AOI-0072
2019-10-27,0.7207293915151172,AOI-0072
2020-04-06,0.7644796388044688,AOI-0072
2020-04-27,0.738088507635582,AOI-0072
2020-05-08,0.824876953165226,AOI-0072
2020-05-24,0.7257099535651975,AOI-0072
2020-06-30,0.16922224584547885,AOI-0072
2020-09-19,0.13567530449254794,AOI-0072
2020-09-24,0.13566366628852972,AOI-0072
2020-09-26,0.1567041727000497,AOI-0072
2020-10-05,0.13739869606901706,AOI-0072
2020-10-14,0.16564045786209447,AOI-0072
2020-10-21,0.15928173935048437,AOI-0072
2021-04-22,0.22839410262676474,AOI-0072
2021-07-11,0.24442269811112521,AOI-0072
2021-08-29,0.2236396785131777,AOI-0072
2022-04-10,0.20957652622747774,AOI-0072
2022-04-26,0.21684837715824734,AOI-0072
2022-06-29,0.14036482148226512,AOI-0072
2022-07-15,0.17271978813071368,AOI-0072
2022-08-23,0.14686282985768911,AOI-0072
2022-08-27,0.15285578485952106,AOI-0072
2023-04-29,0.7931223548243189,AOI-0072
2023-06-25,0.3174589450224229,AOI-0072
2023-07-21,0.2279382403803328,AOI-0072
2023-07-22,0.23074183505673088,AOI-0072
2023-07-26,0.25885229667455545,AOI-0072
2023-08-02,0.23945297973032761,AOI-0072
2023-08-03,0.24662961874320394,AOI-0072
2023-08-05,0.25546386656815717,AOI-0072
2023-08-13,0.24415188893004472,AOI-0072
2023-08-23,0.2191201879252284,AOI-0072
2023-09-19,0.24037749716855317,AOI-0072
2023-10-29,0.26012661401626125,AOI-0072
2024-04-01,0.2407897885458967,AOI-0072
2024-05-09,0.19750645068399136,AOI-0072
2024-05-21,0.19108702776143208,AOI-0072
2024-06-09,0.21513749803932058,AOI-0072
2024-06-30,0.16424509491149872,AOI-0072
2024-07-11,0.17119100536497864,AOI-0072
2024-07-25,0.1446341983681973,AOI-0072
2024-08-20,0.15862284399519447,AOI-0072
2024-09-08,0.1358367087336619,AOI-0072
2024-09-22,0.16400805826243434,AOI-0072
2024-09-30,0.15012589394633913,AOI-0072
2010-04-15,0.18524480736278606,AOI-0078
2010-05-01,0.3097517244745302,AOI-0078
2010-06-09,0.6369038513028914,AOI-0078
2010-07-04,0.4326145813877401,AOI-0078
2011-04-01,0.11875831713106427,AOI-0078
2011-07-06,0.7498228552900762,AOI-0078
2011-08-08,0.6440105520934074,AOI-0078
2011-08-13,0.565069845876497,AOI-0078
2011-09-14,0.40910358994563534,AOI-0078
2011-09-17,0.3960344366293791,AOI-0078
2011-09-24,0.4168664299670367,AOI-0078
2012-06-07,0.7303154198149819,AOI-0078
2012-09-27,0.3867874353416449,AOI-0078
2012-10-04,0.36958362409652684,AOI-0078
2013-04-03,0.2918458899596252,AOI-0078
2013-07-11,0.38456881766836487,AOI-0078
2013-07-28,0.4303555896933432,AOI-0078
2013-08-29,0.29961386013418734,AOI-0078
2013-10-16,0.35766131595020556,AOI-0078
2014-06-26,0.8098513766886088,AOI-0078
2014-07-31,0.6536011491366173,AOI-0078
2015-07-01,0.4005425575076763,AOI-0078
2015-09-11,0.2504356301968825,AOI-0078
2016-04-22,0.41649320058725325,AOI-0078
2016-07-04,0.8579521980334188,AOI-0078
2016-09-22,0.7183055964561693,AOI-0078
2016-10-24,0.2899672919440284,AOI-0078
2017-04-29,0.25033114693715625,AOI-0078
2017-05-03,0.2634461104240088,AOI-0078
2017-05-06,0.2792187949271827,AOI-0078
2017-05-09,0.42095720005365334,AOI-0078
2017-09-30,0.31652832954642524,AOI-0078
2018-06-07,0.750873282038836,AOI-0078
2018-06-18,0.5737359487403528,AOI-0078
2018-07-10,0.29608314433774374,AOI-0078
2018-08-10,0.4497250499493023,AOI-0078
2018-09-12,0.2660204409895385,AOI-0078
2018-09-28,0.286158467145732,AOI-0078
2018-10-01,0.29390096844513913,AOI-0078
2018-10-14,0.2386069278669764,AOI-0078
2019-04-07,0.28183717668024444,AOI-0078
2019-04-23,0.2731258913367094,AOI-0078
2019-05-06,0.23924729506504983,AOI-0078
2019-05-16,0.3183934976260956,AOI-0078
2019-05-24,0.4018909263282906,AOI-0078
2019-06-02,0.5265036169113756,AOI-0078
2019-06-10,0.6102162237943773,AOI-0078
2019-06-13,0.5820338268163457,AOI-0078
2019-06-25,0.6407342355849268,AOI-0078
2019-07-04,0.5939220635746459,AOI-0078
2019-07-23,0.6145983115183222,AOI-0078
2019-07-28,0.6945749935890801,AOI-0078
2019-08-07,0.8309975000420626,AOI-0078
2019-08-09,0.8477549892388443,AOI-0078
2019-08-21,0.8461092967105953,AOI-0078
2019-08-29,0.8506929282676096,AOI-0078
2019-09-13,0.73867210493173,AOI-0078
2019-09-28,0.4797774958462013,AOI-0078
2019-10-16,0.417479360999608,AOI-0078
2020-04-05,0.2978641127927234,AOI-0078
2020-04-06,0.35884677336022663,AOI-0078
2020-04-23,0.47341325016424246,AOI-0078
2020-05-19,0.7302629635636266,AOI-0078
2020-06-12,0.7840688634066213,AOI-0078
2020-06-28,0.3970723545356578,AOI-0078
2020-07-24,0.19329483350211263,AOI-0078
2020-08-06,0.19974056054358347,AOI-0078
2020-08-08,0.1709586283520191,AOI-0078
2020-08-12,0.21713907855993225,AOI-0078
2020-09-08,0.198354834066123,AOI-0078
2020-09-15,0.20291087189967205,AOI-0078
2020-09-24,0.13762712398857982,AOI-0078
2020-09-25,0.16437101958637526,AOI-0078
2020-10-15,0.17697064013983205,AOI-0078
2020-10-22,0.17676666955112363,AOI-0078
2020-10-26,0.05460506803778592,AOI-0078
2021-04-10,0.1760610728510464,AOI-0078
2021-05-14,0.2829590555348004,AOI-0078
2021-05-15,0.30586902270322885,AOI-0078
2021-05-25,0.46458976568414717,AOI-0078
2021-06-17,0.7674928006492178,AOI-0078
2021-06-22,0.7852253893828546,AOI-0078
2021-06-23,0.809902972172599,AOI-0078
2021-06-26,0.7731672451174993,AOI-0078
2021-07-09,0.6935542245549983,AOI-0078
2021-08-01,0.5339586817819267,AOI-0078
2021-08-21,0.5135482762995655,AOI-0078
2021-08-29,0.5490567072430561,AOI-0078
2021-09-03,0.5207029821045667,AOI-0078
2021-09-15,0.46074895356668427,AOI-0078
2021-10-27,0.2881338521855262,AOI-0078
2021-10-30,0.29604890038174675,AOI-0078
2022-04-07,0.3826970495837799,AOI-0078
2022-05-03,0.6515036484320799,AOI-0078
2022-06-19,0.7478792760531372,AOI-0078
2022-06-27,0.5200341347149483,AOI-0078
2022-07-17,0.25086566400553856,AOI-0078
2022-07-24,0.2304129885867767,AOI-0078
2022-08-01,0.20312693217480626,AOI-0078
2022-09-17,0.28623523633952597,AOI-0078
2022-09-20,0.34420826267371696,AOI-0078
2022-10-01,0.48462349371920094,AOI-0078
2022-10-08,0.44389324312783623,AOI-0078
2022-10-15,0.42048836387480515,AOI-0078
2023-05-12,0.7777615484226578,AOI-0078
2023-06-02,0.8258044646805973,AOI-0078
2023-07-02,0.5235527577415645,AOI-0078
2023-07-31,0.2210740581103713,AOI-0078
2023-08-03,0.20628212019650616,AOI-0078
2023-08-29,0.28734874854346826,AOI-0078
2023-09-29,0.17801767231092402,AOI-0078
2023-10-03,0.20058923719481117,AOI-0078
2024-04-04,0.38175590438652585,AOI-0078
2024-04-13,0.2770025921219403,AOI-0078
2024-04-14,0.2633349936801817,AOI-0078
2024-04-22,0.41719529851384685,AOI-0078
2024-05-04,0.43003242147752335,AOI-0078
2024-05-06,0.44504553720900536,AOI-0078
2024-05-17,0.5394407308170763,AOI-0078
2024-05-19,0.5490085767611264,AOI-0078
2024-05-29,0.5987465821719997,AOI-0078
2024-06-09,0.5520982611920263,AOI-0078
2024-06-25,0.3361953396071244,AOI-0078
2024-07-08,0.23472301519013275,AOI-0078
2024-07-13,0.2416584525293632,AOI-0078
2024-07-17,0.24725845651403336,AOI-0078
2024-07-25,0.25346613571231,AOI-0078
2024-08-18,0.2962706489322249,AOI-0078
2024-08-26,0.25582838596763857,AOI-0078
2024-09-21,0.18246330314787496,AOI-0078
2024-10-22,0.24706146030547005,AOI-0078
2024-10-30,0.22705412874200018,AOI-0078
